일련번호,안건번호,제목,첨부파일,작성일
1,2008-15-041,하나로텔레콤(주)의 개인정보 유용 등 법규 위반행위에 대한 시정조치 의결서,(의결 제2008-15-041)-하나로의 개인정보유용 등 법규위반 행위에 대한 의결서(최종).pdf,2008-06-24
2,2008-15-042,하나로텔레콤(주)의 자사 포털사이트 무단가입 등 이용자 이익 저해행위에 대한 시정조치 의결서,하나로의 자사포탈사이트무단가입 등 이용자이익저해행위에대한 의결서(방통위 의결 제2008-15-042호-최종)-홈페이지게시용.pdf,2008-06-24
3,2008-19-076,한국인포데이타(주)의 우선번호안내서비스 관련 이용자 이익 저해행위에 대한 시정조치 의결서,(의결 제2008-19-076)-KOID의 우선번호서비스 의결서(최종)-홈페이지게시용.pdf,2008-07-15
4,2008-24-075,SK텔레콤(주)의 T-Ring서비스 관련 이용자 이익저해행위에 대한 시정조치 의결서,(의결 제2008-24-075)-SKT의 티링의결서(최종)-홈페이지게시용.pdf,2008-08-07
5,2008-27-113,(주)KT의 개인정보 유용 등 법규 위반행위에 대한 시정조치 의결서,(의결 제2008-27-113)-KT의 개인정보유용 의결서(최종)-홈페이지게시용.pdf,2008-08-25
6,2008-27-114,(주)KT의 자사 포털사이트 무단가입 등 이용자 이익 저해행위에 대한 시정조치 의결서,(의결 제2008-27-114)-KT자사포털무단가입-의결서(최종)-홈페이지게시용.pdf,2008-08-25
7,2008-27-115,(주)LG파워콤의 개인정보 유용 등 법규 위반행위에 대한 시정조치 의결서,(의결 제2008-27-115)-LG파워콤의 개인정보유용 의결서(최종)-홈페이지게시용.pdf,2008-08-25
8,2008-27-116,(주)LG파워콤의 자사 포털사이트 무단가입 등 이용자 이익 저해행위에 대한 시정조치 의결서,(의결 제2008-27-116)-LG파워콤자사포털무단가입-의결서(최종)-홈페이지게시용.pdf,2008-08-25
9,2008-31-129,(주)KT의 불법스팸 관련 이용자이익 저해행위에 대한 시정조치 의결서,(2008-31-129)-KT불법스팸관련 의결서(최종)-홈페이지게시용.pdf,2008-09-25
10,2008-31-130,SK브로드밴드(주)[舊하나로텔레콤(주)]의 불법스팸 관련 이용자이익 저해행위에 대한 시정조치 의결서,(2008-31-130)-SK브로드밴드 불법스팸관련 의결서(최종)-홈페이지게시용.pdf,2008-09-25
11,2008-31-131,(주)LG데이콤의 불법스팸 관련 이용자이익 저해행위에 대한 시정조치 의결서,(2008-31-131)-LG데이콤 불법스팸관련 의결서(최종)-홈페이지게시용.pdf,2008-09-25
12,2008-32-134,(주)베스트제이와이의 원링스팸 관련 이용자 이익 저해행위에 대한 시정조치 의결서,(의결 제2008-32-134)-베스트제이와이의 원링스팸 관련 의결서(최종)-홈페이지게시용.pdf,2008-10-01
13,2008-37-156,(주)티브로드한빛방송의 개인정보 유용 등 법규 위반행위에 대한 시정조치 의결서,(의결 제2008-37-156)-티브로드한빛방송 개인정보 유용 등 관련 의결서(최종)-홈페이지게시용.pdf,2008-11-14
14,2008-37-157,(주)티브로드한빛방송의 자사 포털사이트 무단가입 등 이용자 이익 저해행위에 대한 시정조치 의결서,(의결 제2008-37-157)-티브로드한빛방송 자사포털사이트 무단가입 관련 의결서(최종)-홈페이지게시용.pdf,2008-11-14
15,2008-37-158,(주)씨제이헬로비전의 개인정보 유용 등 법규 위반에 대한 시정조치 의결서,(의결 제2008-37-158)-씨제이헬로비전 개인정보 유용 등 관련 의결서(최종)-홈페이지게시용.pdf,2008-11-14
16,2008-37-159,(주)씨제이헬로비전의 자사 포털사이트 무단가입 등 이용자 이익 저해행위에 대한 시정조치 의결서,(의결 제2008-37-159)-씨제이헬로비전 자사포털사이트 무단가입관련 의결서(최종)-홈페이지게시용.pdf,2008-11-14
17,2008-37-160,(주)씨앤앰의 개인정보 유용 등 법규 위반행위에 대한 시정조치 의결서,(의결 제2008-37-160)-씨앤앰의 개인정보 유용 등 관련 의결서(최종)-홈페이지게시용.pdf,2008-11-14
18,2008-37-161,(주)씨앤앰의 자사 포털사이트 무단가입 등 이용자 이익 저해행위에 대한 시정조치 의결서,(의결 제2008-37-161)-씨앤앰 자사포털사이트 무단가입관련 의결서(최종)-홈페이지게시용.pdf,2008-11-14
19,2008-37-162,(주)큐릭스의 개인정보 유용 등 법규 위반행위에 대한 시정조치 의결서,(의결 제2008-37-162)-큐릭스 개인정보 유용 등 관련 의결서(최종)-홈페이지게시용.pdf,2008-11-14
20,2008-37-163,(주)큐릭스의 자사 포털사이트 무단가입 등 이용자 이익 저해행위에 대한 시정조치 의결서,(의결 제2008-37-163)-큐릭스 자사포털사이트 무단가입관련 의결서(최종)-홈페이지게시용.pdf,2008-11-14
21,2008-37-164,NHN(주)의 개인정보 유용 등 법규 위반행위에 대한 시정조치 의결서,(의결 제2008-37-164)-NHN의 개인정보유용 등 관련 의결서(최종)-홈페이지게시용.pdf,2008-11-14
22,2008-37-166,(주)다음커뮤니케이션의 개인정보 유용 등 법규 위반행위에 대한 시정조치 의결서,(의결 제2008-37-165~166)-DAUM의 개인정보 유용(노출) 등 관련 의결서(최종)-홈페이지게시용.pdf,2008-11-14
23,2008-37-165,(주)다음커뮤니케이션의 개인정보 유용 등 법규 위반행위에 대한 시정조치 의결서,(의결 제2008-37-165~166)-DAUM의 개인정보 유용(노출) 등 관련 의결서(최종)-홈페이지게시용.pdf,2008-11-14
24,2008-37-167,SK커뮤니케이션즈(주)의 개인정보 유용 등 법규 위반행위에 대한 시정조치 의결서,(의결 제2008-37-167)-SK컴즈의 개인정보유용 등 관련 의결서(최종)-홈페이지게시용.pdf,2008-11-14
25,2008-37-168,야후코리아(유)의 개인정보 유용 등 법규 위반행위에 대한 시정조치 의결서,(의결 제2008-37-168)-야후코리아의 개인정보 유용 등 관련 의결서(최종)-홈페이지게시용.pdf,2008-11-14
26,2008-41-223,(주)KT의 전기통신서비스 이용요금 감면 관련 이용자 이익 저해행위에 대한  시정조치 의결서,(의결 제2008-41-223)-KT의 통신요금 불법감면 관련 의결서(최종)-홈페이지게시용.pdf,2008-12-03
27,2008-41-224,(주)KT의 시내전화 요금제 및 부가서비스 가입 관련 이용자 이익 저해행위에 대한  시정조치 의결서,(의결 제2008-41-224)_KT의 시내전화 부가서비스 가입 관련 의결서(최종)-홈페이지게시용.pdf,2008-12-03
28,2008-41-225,SK브로드밴드(주)의 시내전화 요금제 및 부가서비스 가입 관련 이용자 이익 저해행위에 대한  시정조치 의결서,(의결 제2008-41-225)_SK브로드밴드의 시내전화 부가서비스 가입 관련 의결서(최종)-홈페이지게시용.pdf,2008-12-03
29,2008-45-222,(주)케이티 SMS 관련 에스케이텔레콤(주)의 상호접속 거부행위에 대한  시정조치 의결서,(의결 제2008-45-222)-KT SMS관련 SKT의 상호접속거부 의결서(최종)-홈페이지게시용.pdf,2008-12-17
30,2008-48-258,에스케이텔레콤(주)의 개인정보 유용 등 법규 위반행위에 대한  시정조치 의결서,(의결 제2008-48-258)-SKT의 개인정보 유용 등 관련 의결서(최종)-홈페이지게시용.pdf,2008-12-30
31,2008-48-259,(주)케이티프리텔의 개인정보 유용 등 법규 위반행위에 대한  시정조치 의결서,(의결 제2008-48-259)-KTF의 개인정보 유용 등 관련 의결서(최종)-홈페이지게시용.pdf,2008-12-30
32,2008-48-260,(주)엘지텔레콤의 개인정보 유용 등 법규 위반행위에 대한  시정조치 의결서,(의결 제2008-48-260)-LGT의 개인정보 유용 등 관련 의결서(최종)-홈페이지게시용.pdf,2008-12-30
33,2009-16-065,(주)KT의 IPTV 제공사업 관련 불공정행위에 대한 시정조치 의결서,(의결 제2009-16-065)-KT의 IPTV 의결서(최종).pdf,2009-04-08
34,2009-16-066,SK브로드밴드(주)의 IPTV 제공사업 관련 불공정행위에 대한 시정조치 의결서,(의결 제2009-16-066)-SKB의 IPTV 의결서(최종).pdf,2009-04-08
35,2009-16-067,(주)LG데이콤의 IPTV 제공사업 관련 불공정행위에 대한 시정조치 의결서,(의결 제2009-16-067)-LGD의 IPTV 의결서(최종).pdf,2009-04-08
36,2009-16-069,케이티프리텔㈜의 불법스팸 관련 이용자이익 저해행위에 대한 시정조치 의결서,(의결 제2009-16-069)-케이티프리텔불법스팸관련 의결서.pdf,2009-04-08
37,2009-16-070,㈜엘지텔레콤의 불법스팸 관련 이용자이익 저해행위에 대한 시정조치 의결서,(의결 제2009-16-070)-엘지텔레콤불법스팸관련 의결서.pdf,2009-04-08
38,2009-16-068,에스케이텔레콤㈜의 불법스팸 관련 이용자이익 저해행위에 대한 시정조치 의결서,(의결 제2009-16-068)-에스케이텔레콤불법스팸관련 의결서.pdf,2009-04-08
39,2009-39-182,SK텔레콤(주)의 무선인터넷 서비스 관련 이용자 이익 저해행위에 대한 시정조치 의결서,의결 제2009-39-182호-SKT무선인터넷관련 의결서.pdf,2009-09-02
40,2009-39-183,(주)KT의 무선인터넷 서비스 관련 이용자 이익 저해행위에 대한 시정조치 의결서,의결 제2009-39-183호-KT무선인터넷관련 의결서.pdf,2009-09-02
41,2009-39-184,(주)LG텔레콤의 무선인터넷 서비스 관련 이용자 이익 저해행위에 대한 시정조치 의결서,의결 제2009-39-184호-LGT 무선인터넷 관련 의결서.pdf,2009-09-02
42,2009-39-185,(주)온세텔레콤의 무선인터넷 서비스 관련 이용자 이익 저해행위에 대한 시정조치 의결서,의결 제2009-39-185호-온세텔레콤 무선인터넷관련 의결서.pdf,2009-09-02
43,2009-39-186,드림라인(주)의 무선인터넷 서비스 관련 이용자 이익 저해행위에 대한 시정조치 의결서,의결 제2009-39-186호-드림라인 무선인터넷관련 의결서.pdf,2009-09-02
44,2009-40-084,에스케이브로드밴드(주)의 초고속인터넷서비스 경품 관련 이용자 이익 저해행위에 대한 시정조치 의결서,의결 제2009-40차-84호-에스케이브로드밴드(주)의 초고속인터넷서비스 경품 관련 의결서.pdf,2009-09-09
45,2009-40-085,(주)LG파워콤의 초고속인터넷서비스 경품 관련 이용자 이익 저해행위에 대한 시정조치 의결서,의결 제2009-40차-85호-(주)LG파워콤의 초고속인터넷서비스 경품 관련 의결서.pdf,2009-09-09
46,2009-47-178,SK텔레콤(주)의 사망자 주민등록번호 등을 이용한 이동전화서비스 가입 관련 이용자이익 저해행위에 대한 시정조치 의결서,의결(제2009-47-178호)-SKT의 사망자주민번호관련.pdf,2009-10-13
47,2009-47-179,舊 (주)KT프리텔의 사망자 주민등록번호 등을 이용한 이동 전화서비스 가입 관련 이용자이익 저해행위에 대한 시정조치 의결서,의결(제2009-47-179호)-구KTF의 사망자주민번호 관련.pdf,2009-10-13
48,2009-47-180,(주)LG텔레콤의 사망자 주민등록번호 등을 이용한 이동전화서비스 가입 관련 이용자이익 저해행위에 대한 시정조치 의결서,의결(제2009-47-180호)-LGT의 사망자주민번호관련.pdf,2009-10-13
49,2009-47-181,(주)KT의 사망자 주민등록번호 등을 이용한 이동전화 서비스 가입 관련 이용자이익 저해행위에 대한 시정조치 의결서,의결(제2009-47-181호)-KT의 사망자주민번호관련.pdf,2009-10-13
50,2010-17-074,(주)KT의 IDC 이용자에 대한 전용회선 제공 관련 이용자이익 저해행위에 대한 시정조치 의결서,KT의 전용회선 제공 관련 이용자이익저해행위 시정조치 의결서(H).pdf,2010-03-30
51,2010-22-059,(주)에스비에스의 보편적 시청권 관련 금지행위 위반에 대한 시정조치 의결서,(주)에스비에스의 보편적 시청권 관련 금지행위 위반에 대한 시정조치 의결서.pdf,2010-04-23
52,2010-22-060,한국방송공사의 보편적 시청권 관련 금지행위 위반에 대한 시정조치 의결서,한국방송공사의 보편적 시청권 관련 금지행위 위반에 대한 시정조치 의결서.pdf,2010-04-23
53,2010-22-061,(주)문화방송의 보편적 시청권 관련 금지행위 위반에 대한 시정조치 의결서,(주)문화방송의 보편적 시청권 관련 금지행위 위반에 대한 시정조치 의결서.pdf,2010-04-23
54,2010-34-145,SK텔레콤(주)의 USIM 관련 이용자이익 저해행위에 대한 시정조치 의결서,의결서(제2010-34-145호)-SKT USIM 관련.pdf,2010-06-10
55,2010-34-146,(주)KT의 USIM 관련 이용자이익 저해행위에 대한 시정조치 의결서,의결서(제2010-34-146호)-KT USIM 관련.pdf,2010-06-10
56,2010-45-200,(주)에스비에스의 보편적 시청권 관련 시정명령 위반에 대한 과징금 부과 의결서,(주)SBS의 보편적 시청권관련 시정명령 위반에대한 과징금 부과에 관한 건.pdf,2010-07-23
57,2010-58-250,(주)LG유플러스의 차별적 보조금 지급 관련 이용자 이익 저해행위에 대한 시정조치 의결서,의결 제2010-58-250호 엘지유플러스차별적보조금관련의결서.PDF,2010-09-24
58,2010-58-249,(주)KT의 차별적 보조금 지급 관련 이용자 이익 저해행위에 대한 시정조치 의결서,의결 제2010-58-249호 kt차별적보조금관련의결서.PDF,2010-09-24
59,2010-58-248,SK텔레콤(주)의 차별적 보조금 지급 관련 이용자이익 저해행위에 대한 시정조치 의결서,의결 제2010-58-248호 skt차별적보조금관련의결서.PDF,2010-09-24
60,2010-71-277,(주)LG유플러스 무선데이터서비스 관련 이용자 이익저해행위에 대한 시정조치 의결서,의결 제2010-71-277 (주)LGU+ 무선데이터 관련 의결서-게시용.pdf,2010-12-02
61,2010-71-276,(주)KT의 무선데이터서비스 관련 이용자 이익 저해행위에 대한 시정조치 의결서,의결 제2010-71-276 (주)KT 무선데이터서비스 관련 의결서-게시용.pdf,2010-12-02
62,2010-71-275,SK텔레콤(주)의 무선데이터서비스 관련 이용자 이익 저해행위에 대한 시정조치 의결서,의결 제2010-71-275 SK텔레콤(주) 무선데이터서비스 관련 의결서-게시용.pdf,2010-12-02
63,2011-11-021,(주)KT의 초고속인터넷서비스 등 경품 및 약관 외 요금감면 관련 이용자 이익 저해행위에 대한 시정조치 의결서,(주)KT의 초고속인터넷서비스 등 경품 및 약관 외 요금감면 관련 이용자 이익 저해행위에 대한 시정조치 의결서(홈페이지 게시용).pdf,2011-02-21
64,2011-11-022,SK브로드밴드(주)의 초고속인터넷서비스 등 경품 및 약관 외 요금감면 관련 이용자 이익 저해행위에 대한 시정조치 의결서,SK브로드밴드(주)의 초고속인터넷서비스 등 경품 및 약관 외 요금감면 관련 이용자 이익 저해행위에 대한 시정조치 의결서(홈페이지 게시용).pdf,2011-02-21
65,2011-11-023,(주)KT의 초고속인터넷서비스 등 경품 및 약관 외 요금감면 관련 이용자 이익 저해행위에 대한 시정조치 의결서,(주)KT의 초고속인터넷서비스 등 경품 및 약관 외 요금감면 관련 이용자 이익 저해행위에 대한 시정조치 의결서(홈페이지 게시용).pdf,2011-02-21
66,2011-25-093,(주)케이티 유선전화 정액요금제 관련 이용자 이익 침해행위에 대한 시정조치 의결서,(주)케이티 유선전화 정액요금제 관련 이용자 이익 침해행위에 대한 시정조치 의결서(홈페이지 게시용).pdf,2011-04-25
67,2011-30-101,SKT(주) 요금연체자 관리 관련 이용자 이익 저해행위에 대한 의결서,SKT(주) 요금연체자 관리 관련 이용자 이익 저해행위에 대한 의결서.pdf,2011-05-18
68,2011-30-102,(주)KT 요금연체자 관리 관련 이용자 이익 저해행위에 대한 의결서,(주)KT 요금연체자 관리 관련 이용자 이익 저해행위에 대한 의결서.pdf,2011-05-18
69,2011-51-174,SKT의 단말기 보조금 지급 관련 이용자 이익 침해행위에 대한 시정조치(안) 의결서,SKT의 단말기 보조금 지급 관련 이용자 이익 침해행위에 대한 시정조치(안) 의결서(홈페이지 게시용).pdf,2011-09-19
70,2011-51-175,KT의 단말기 보조금 지급 관련 이용자 이익 침해행위에 대한 시정조치(안) 의결서,KT의 단말기 보조금 지급 관련 이용자 이익 침해행위에 대한 시정조치(안) 의결서(홈페이지 게시용).pdf,2011-09-19
71,2011-51-176,LGU+의 단말기 보조금 지급 관련 이용자 이익 침해행위에 대한 시정조치(안) 의결서,LGU+의 단말기 보조금 지급 관련 이용자 이익 침해행위에 대한 시정조치(안) 의결서(홈페이지 게시용).pdf,2011-09-19
72,2011-64-215,(주)온세텔레콤의 전화정보서비스 관련 이용자 이익 침해행위에 대한 시정조치건 의결서,(주)온세텔레콤의 전화정보서비스 관련 이용자 이익 침해행위에 대한 시정조치건 의결서.pdf,2011-11-23
73,2011-64-216,SK브로드밴드(주)의 전화정보서비스 관련 이용자 이익 침해행위에 대한 시정조치건 의결서,SK브로드밴드(주)의 전화정보서비스 관련 이용자 이익 침해행위에 대한 시정조치건 의결서.pdf,2011-11-23
74,2011-64-217,(주)대명정보의 전화정보서비스 관련 이용자 이익 침해행위에 대한 시정조치건 의결서,(주)대명정보의 전화정보서비스 관련 이용자 이익 침해행위에 대한 시정조치건 의결서.pdf,2011-11-23
75,2011-64-218,(주)디앤에스네트웍의 전화정보서비스 관련 이용자 이익 침해행위에 대한 시정조치건 의결서,(주)디앤에스네트웍의 전화정보서비스 관련 이용자 이익 침해행위에 대한 시정조치건 의결서.pdf,2011-11-23
76,2011-64-219,(주)리사의 전화정보서비스 관련 이용자 이익 침해행위에 대한 시정조치건 의결서,(주)리사의 전화정보서비스 관련 이용자 이익 침해행위에 대한 시정조치건 의결서.pdf,2011-11-23
77,2011-64-220,(주)미인네트웍스의 전화정보서비스 관련 이용자 이익 침해행위에 대한 시정조치건 의결서,(주)미인네트웍스의 전화정보서비스 관련 이용자 이익 침해행위에 대한 시정조치건 의결서.pdf,2011-11-23
78,2011-64-221,(주)썸머네트웍스의 전화정보서비스 관련 이용자 이익 침해행위에 대한 시정조치건 의결서,(주)썸머네트웍스의 전화정보서비스 관련 이용자 이익 침해행위에 대한 시정조치건 의결서.pdf,2011-11-23
79,2011-64-222,(주)앤플라이주의 전화정보서비스 관련 이용자 이익 침해행위에 대한 시정조치건 의결서,(주)앤플라이주의 전화정보서비스 관련 이용자 이익 침해행위에 대한 시정조치건 의결서.pdf,2011-11-23
80,2011-64-223,(주)에어플러스의 전화정보서비스 관련 이용자 이익 침해행위에 대한 시정조치건 의결서,(주)에어플러스의 전화정보서비스 관련 이용자 이익 침해행위에 대한 시정조치건 의결서.pdf,2011-11-23
81,2011-64-224,에스지네트웍스(주)의 전화정보서비스 관련 이용자 이익 침해행위에 대한 시정조치건 의결서,에스지네트웍스(주)의 전화정보서비스 관련 이용자 이익 침해행위에 대한 시정조치건 의결서.pdf,2011-11-23
82,2011-64-225,(주)바른정보시스템의 전화정보서비스 관련 이용자 이익 침해행위에 대한 시정조치건 의결서,(주)바른정보시스템의 전화정보서비스 관련 이용자 이익 침해행위에 대한 시정조치건 의결서.pdf,2011-11-23
83,2011-64-226,(주)스위티의 전화정보서비스 관련 이용자 이익 침해행위에 대한 시정조치건 의결서,(주)스위티의 전화정보서비스 관련 이용자 이익 침해행위에 대한 시정조치건 의결서.pdf,2011-11-23
84,2011-64-227,(주)에스엠엔의 전화정보서비스 관련 이용자 이익 침해행위에 대한 시정조치건 의결서,(주)에스엠엔의 전화정보서비스 관련 이용자 이익 침해행위에 대한 시정조치건 의결서.pdf,2011-11-23
85,2011-64-228,(주)이앤에이솔루션의 전화정보서비스 관련 이용자 이익 침해행위에 대한 시정조치건 의결서,(주)이앤에이솔루션의 전화정보서비스 관련 이용자 이익 침해행위에 대한 시정조치건 의결서.pdf,2011-11-23
86,2011-64-229,(주)폰친구의 전화정보서비스 관련 이용자 이익 침해행위에 대한 시정조치건 의결서,(주)폰친구의 전화정보서비스 관련 이용자 이익 침해행위에 대한 시정조치건 의결서.pdf,2011-11-23
87,2011-64-230,(주)비엠비의 전화정보서비스 관련 이용자 이익 침해행위에 대한 시정조치건 의결서,(주)비엠비의 전화정보서비스 관련 이용자 이익 침해행위에 대한 시정조치건 의결서.pdf,2011-11-23
88,2011-64-231,(주)타워정보통신의 전화정보서비스 관련 이용자 이익 침해행위에 대한 시정조치건 의결서,(주)타워정보통신의 전화정보서비스 관련 이용자 이익 침해행위에 대한 시정조치건 의결서.pdf,2011-11-23
89,2012-16-067,(주)케이티의 OTS 결합상품 관련 금지행위 위반에 대한 시정조치 의결서,(주)케이티의 OTS 결합상품 관련 금지행위 위반에 대한 시정조치(안) 의결서(최종).pdf,2012-03-29
90,2012-25-095,(주)케이티의 삼성 스마트TV  접속제한 관련 이용자 이익 침해행위에 대한 시정조치 의결서,(주)케이티의 삼성 스마트TV 접속제한 관련 이용자 이익 침해행위에 대한 시정조치 의결서(최종).pdf,2012-05-04
91,2012-27-103,(주)KT의 초고속인터넷 경품 등 제공 관련 이용자 이익 침해행위에 대한 시정조치 의결서,(주)KT의 초고속인터넷 경품 등 제공 관련 이용자 이익 침해행위에 대한 시정조치 의결서(게시용).pdf,2012-05-18
92,2012-27-104,SK브로드밴드(주)의 초고속인터넷 경품 등 제공 관련 이용자 이익 침해행위에 대한 시정조치 의결서,SK브로드밴드(주)의 초고속인터넷 경품 등 제공 관련 이용자 이익 침해행위에 대한 시정조치 의결서(게시용).pdf,2012-05-18
93,2012-27-105,(주)LG유플러스의 초고속인터넷 경품 등 제공 관련 이용자 이익 침해행위에 대한 시정조치 의결서,(주)LG유플러스의 초고속인터넷 경품 등 제공 관련 이용자 이익 침해행위에 대한 시정조치 의결서(게시용).pdf,2012-05-18
94,2012-53-201,(주)씨앤앰의 디지털전환 영업 관련 금지행위 위반에 대한 시정조치 의결서,(주)씨앤앰의 디지털전환 영업 관련 금지행위 위반에 대한 시정조치 의결서(공개용).pdf,2012-09-20
95,2012-53-202,(주)씨앤앰경기동부케이블TV의 디지털전환 영업 관련 금지행위 위반에 대한 시정조치 의결서,(주)씨앤앰경기동부케이블TV의 디지털전환 영업 관련 금지행위 위반에 대한 시정조치 의결서(공개용).pdf,2012-09-20
96,2012-53-203,(주)씨앤앰울산케이블TV의 디지털전환 영업 관련 금지행위 위반에 대한 시정조치 의결서,(주)씨앤앰울산케이블TV의 디지털전환 영업 관련 금지행위 위반에 대한 시정조치 의결서(공개용).pdf,2012-09-20
97,2012-53-204,(주)씨제이헬로비전의 디지털전환 영업 관련 금지행위 위반에 대한 시정조치 의결서,(주)씨제이헬로비전의 디지털전환 영업 관련 금지행위 위반에 대한 시정조치 의결서(공개용).pdf,2012-09-20
98,2012-53-205,(주)티브로드홀딩스의 디지털전환 영업 관련 금지행위 위반에 대한 시정조치 의결서,(주)티브로드홀딩스의 디지털전환 영업 관련 금지행위 위반에 대한 시정조치 의결서(공개용).pdf,2012-09-20
99,2012-53-206,(주)티브로드도봉강북방송의 디지털전환 영업 관련 금지행위 위반에 대한 시정조치 의결서,(주)티브로드도봉강북방송의 디지털전환 영업 관련 금지행위 위반에 대한 시정조치 의결서(공개용).pdf,2012-09-20
100,2012-53-207,(주)티브로드한빛방송의 디지털전환 영업 관련 금지행위 위반에 대한 시정조치 의결서,(주)티브로드한빛방송의 디지털전환 영업 관련 금지행위 위반에 대한 시정조치 의결서(공개용).pdf,2012-09-20
101,2012-53-208,(주)현대HCN새로넷방송의 디지털전환 영업 관련 금지행위 위반에 대한 시정조치 의결서,(주)현대HCN새로넷방송의 디지털전환 영업 관련 금지행위 위반에 대한 시정조치 의결서(공개용).pdf,2012-09-20
102,2012-53-209,(주)현대HCN충북방송의 디지털전환 영업 관련 금지행위 위반에 대한 시정조치 의결서,(주)현대HCN충북방송의 디지털전환 영업 관련 금지행위 위반에 대한 시정조치 의결서(공개용).pdf,2012-09-20
103,2012-53-210,(주)씨엠비광주방송의 디지털전환 영업 관련 금지행위 위반에 대한 시정조치 의결서,(주)씨엠비광주방송의 디지털전환 영업 관련 금지행위 위반에 대한 시정조치 의결서(공개용).pdf,2012-09-20
104,2012-53-211,남인천방송(주)의 디지털전환 영업 관련 금지행위 위반에 대한 시정조치 의결서,남인천방송(주)의 디지털전환 영업 관련 금지행위 위반에 대한 시정조치 의결서(공개용).pdf,2012-09-20
105,2012-53-212,(주)한국케이블TV호남방송의 디지털전환 영업 관련 금지행위 위반에 대한 시정조치 의결서,(주)한국케이블TV호남방송의 디지털전환 영업 관련 금지행위 위반에 대한 시정조치 의결서(공개용).pdf,2012-09-20
106,2012-53-213,(주)한국케이블TV광주방송의 디지털전환 영업 관련 금지행위 위반에 대한 시정조치 의결서,(주)한국케이블TV광주방송의 디지털전환 영업 관련 금지행위 위반에 대한 시정조치 의결서(공개용).pdf,2012-09-20
107,2012-70-302,SKT의 단말기 보조금 지급 관련 이용자 이익 침해행위에 대한 시정조치 의결서,SKT의 단말기 보조금 지급 관련 이용자 이익 침해행위에 대한 시정조치 의결서(공개용).pdf,2012-12-24
108,2012-70-303,KT의 단말기 보조금 지급 관련 이용자 이익 침해행위에 대한 시정조치 의결서,KT의 단말기 보조금 지급 관련 이용자 이익 침해행위에 대한 시정조치 의결서(공개용).pdf,2012-12-24
109,2012-70-304,LG유플러스의 단말기 보조금 지급 관련 이용자 이익 침해행위에 대한 시정조치 의결서,LG유플러스의 단말기 보조금 지급 관련 이용자 이익 침해행위에 대한 시정조치 의결서(공개용).pdf,2012-12-24
110,2013-11-029,남인천방송의 PP프로그램 사용료 감액 관련 금지행위 위반에 대한 시정조치 의결서,남인천방송의 PP프로그램 사용료 감액 관련 금지행위 위반에 대한 시정조치 의결서(공개용).pdf,2013-02-20
111,2013-13-037,SKT의 단말기 보조금 지급 관련 이용자 이익 침해행위에 대한 시정조치 의결서,SKT의 단말기 보조금 지급 관련 이용자 이익 침해행위에 대한 시정조치 의결서.pdf,2013-03-14
112,2013-13-038,KT의 단말기 보조금 지급 관련 이용자 이익 침해행위에 대한 시정조치 의결서,KT의 단말기 보조금 지급 관련 이용자 이익 침해행위에 대한 시정조치 의결서.pdf,2013-03-14
113,2013-13-039,LGU+의 단말기 보조금 지급 관련 이용자 이익 침해행위에 대한 시정조치 의결서,LGU+의 단말기 보조금 지급 관련 이용자 이익 침해행위에 대한 시정조치 의결서.pdf,2013-05-07
114,2013-22-054,(주)LG유플러스의 초고속인터넷 해지제한 관련 시정조치 의결서,(주)LG유플러스의 초고속인터넷 해지제한 관련 시정조치 의결서.pdf,2013-06-05
115,2013-29-074,SK텔레콤(주)의 단말기 보조금 지급 관련 이용자 이익 침해행위에 대한 시정조치 의결서,SK텔레콤(주)의 단말기 보조금 지급 관련 이용자 이익 침해행위에 대한 시정조치 의결서.pdf,2013-07-18
116,2013-29-075,(주)케이티의 단말기 보조금 지급 관련 이용자 이익 침해행위에 대한 시정조치 의결서,(주)케이티의 단말기 보조금 지급 관련 이용자 이익 침해행위에 대한 시정조치 의결서.pdf,2013-07-18
117,2013-29-076,(주)LG유플러스의 단말기 보조금 지급 관련 이용자 이익 침해행위에 대한 시정조치 의결서,(주)LG유플러스의 단말기 보조금 지급 관련 이용자 이익 침해행위에 대한 시정조치 의결서.pdf,2013-07-18
118,2013-30-077,SKT(주)의 이용약관 절차 위반행위 등에 대한 심의의결서,SKT(주)의 이용약관 절차 위반행위 등에 대한 심의의결서.pdf,2013-08-21
119,2013-30-078,(주)KT의 이용약관 절차 위반행위 등에 대한 심의의결서,(주)KT의 이용약관 절차 위반행위 등에 대한 심의의결서.pdf,2013-08-21
120,2013-30-079,(주)LGU+의 이용약관 절차 위반행위 등에 대한 심의의결서,(주)LGU+의 이용약관 절차 위반행위 등에 대한 심의의결서.pdf,2013-08-21
121,2013-30-080,SKB(주)의 이용약관 절차 위반행위 등에 대한 심의의결서,SKB(주)의 이용약관 절차 위반행위 등에 대한 심의의결서.pdf,2013-08-21
122,2013-30-090,(주)티브로드 계열 10개사의 이용약관 절차 위반행위 등에 대한 심의의결서,(주)티브로드동대문방송 외 티브로드 계열 9개사의 이용약관 절차 위반행위 등에 대한 심의의결서.pdf,2013-08-21
123,2013-30-089,(주)티브로드 계열 10개사의 이용약관 절차 위반행위 등에 대한 심의의결서,(주)티브로드동대문방송 외 티브로드 계열 9개사의 이용약관 절차 위반행위 등에 대한 심의의결서.pdf,2013-08-21
124,2013-30-088,(주)티브로드 계열 10개사의 이용약관 절차 위반행위 등에 대한 심의의결서,(주)티브로드동대문방송 외 티브로드 계열 9개사의 이용약관 절차 위반행위 등에 대한 심의의결서.pdf,2013-08-21
125,2013-30-087,(주)티브로드 계열 10개사의 이용약관 절차 위반행위 등에 대한 심의의결서,(주)티브로드동대문방송 외 티브로드 계열 9개사의 이용약관 절차 위반행위 등에 대한 심의의결서.pdf,2013-08-21
126,2013-30-086,(주)티브로드 계열 10개사의 이용약관 절차 위반행위 등에 대한 심의의결서,(주)티브로드동대문방송 외 티브로드 계열 9개사의 이용약관 절차 위반행위 등에 대한 심의의결서.pdf,2013-08-21
127,2013-30-085,(주)티브로드 계열 10개사의 이용약관 절차 위반행위 등에 대한 심의의결서,(주)티브로드동대문방송 외 티브로드 계열 9개사의 이용약관 절차 위반행위 등에 대한 심의의결서.pdf,2013-08-21
128,2013-30-084,(주)티브로드 계열 10개사의 이용약관 절차 위반행위 등에 대한 심의의결서,(주)티브로드동대문방송 외 티브로드 계열 9개사의 이용약관 절차 위반행위 등에 대한 심의의결서.pdf,2013-08-21
129,2013-30-083,(주)티브로드 계열 10개사의 이용약관 절차 위반행위 등에 대한 심의의결서,(주)티브로드동대문방송 외 티브로드 계열 9개사의 이용약관 절차 위반행위 등에 대한 심의의결서.pdf,2013-08-21
130,2013-30-082,(주)티브로드 계열 10개사의 이용약관 절차 위반행위 등에 대한 심의의결서,(주)티브로드동대문방송 외 티브로드 계열 9개사의 이용약관 절차 위반행위 등에 대한 심의의결서.pdf,2013-08-21
131,2013-30-081,(주)티브로드 계열 10개사의 이용약관 절차 위반행위 등에 대한 심의의결서,(주)티브로드동대문방송 외 티브로드 계열 9개사의 이용약관 절차 위반행위 등에 대한 심의의결서.pdf,2013-08-21
132,2013-30-095,(주)CJ헬로비전 계열 5개사의 이용약관 절차 위반행위 등에 대한 심의의결서,(주)CJ헬로비전 외 CJ헬로비전 계열 4개사의 이용약관 절차 위반행위 등에 대한 심의의결서.pdf,2013-08-21
133,2013-30-094,(주)CJ헬로비전 계열 5개사의 이용약관 절차 위반행위 등에 대한 심의의결서,(주)CJ헬로비전 외 CJ헬로비전 계열 4개사의 이용약관 절차 위반행위 등에 대한 심의의결서.pdf,2013-08-21
134,2013-30-093,(주)CJ헬로비전 계열 5개사의 이용약관 절차 위반행위 등에 대한 심의의결서,(주)CJ헬로비전 외 CJ헬로비전 계열 4개사의 이용약관 절차 위반행위 등에 대한 심의의결서.pdf,2013-08-21
135,2013-30-092,(주)CJ헬로비전 계열 5개사의 이용약관 절차 위반행위 등에 대한 심의의결서,(주)CJ헬로비전 외 CJ헬로비전 계열 4개사의 이용약관 절차 위반행위 등에 대한 심의의결서.pdf,2013-08-21
136,2013-30-091,(주)CJ헬로비전 계열 5개사의 이용약관 절차 위반행위 등에 대한 심의의결서,(주)CJ헬로비전 외 CJ헬로비전 계열 4개사의 이용약관 절차 위반행위 등에 대한 심의의결서.pdf,2013-08-21
137,2013-30-098,(주)씨앤앰 계열 3개사의 이용약관 절차 위반행위 등에 대한 심의의결서,(주)씨앤앰 외 씨앤앰 계열 2개사의 이용약관 절차 위반행위 등에 대한 심의의결서.pdf,2013-08-21
138,2013-30-097,(주)씨앤앰 계열 3개사의 이용약관 절차 위반행위 등에 대한 심의의결서,(주)씨앤앰 외 씨앤앰 계열 2개사의 이용약관 절차 위반행위 등에 대한 심의의결서.pdf,2013-08-21
139,2013-30-096,(주)씨앤앰 계열 3개사의 이용약관 절차 위반행위 등에 대한 심의의결서,(주)씨앤앰 외 씨앤앰 계열 2개사의 이용약관 절차 위반행위 등에 대한 심의의결서.pdf,2013-08-21
140,2013-30-107,(주)현대HCN 계열 9개사의 이용약관 절차 위반행위 등에 대한 심의의결서,(주)현대HCN 외 현대HCN 계열 8개사의 이용약관 절차 위반행위 등에 대한 심의의결서.pdf,2013-08-21
141,2013-30-106,(주)현대HCN 계열 9개사의 이용약관 절차 위반행위 등에 대한 심의의결서,(주)현대HCN 외 현대HCN 계열 8개사의 이용약관 절차 위반행위 등에 대한 심의의결서.pdf,2013-08-21
142,2013-30-105,(주)현대HCN 계열 9개사의 이용약관 절차 위반행위 등에 대한 심의의결서,(주)현대HCN 외 현대HCN 계열 8개사의 이용약관 절차 위반행위 등에 대한 심의의결서.pdf,2013-08-21
143,2013-30-104,(주)현대HCN 계열 9개사의 이용약관 절차 위반행위 등에 대한 심의의결서,(주)현대HCN 외 현대HCN 계열 8개사의 이용약관 절차 위반행위 등에 대한 심의의결서.pdf,2013-08-21
144,2013-30-103,(주)현대HCN 계열 9개사의 이용약관 절차 위반행위 등에 대한 심의의결서,(주)현대HCN 외 현대HCN 계열 8개사의 이용약관 절차 위반행위 등에 대한 심의의결서.pdf,2013-08-21
145,2013-30-102,(주)현대HCN 계열 9개사의 이용약관 절차 위반행위 등에 대한 심의의결서,(주)현대HCN 외 현대HCN 계열 8개사의 이용약관 절차 위반행위 등에 대한 심의의결서.pdf,2013-08-21
146,2013-30-101,(주)현대HCN 계열 9개사의 이용약관 절차 위반행위 등에 대한 심의의결서,(주)현대HCN 외 현대HCN 계열 8개사의 이용약관 절차 위반행위 등에 대한 심의의결서.pdf,2013-08-21
147,2013-30-100,(주)현대HCN 계열 9개사의 이용약관 절차 위반행위 등에 대한 심의의결서,(주)현대HCN 외 현대HCN 계열 8개사의 이용약관 절차 위반행위 등에 대한 심의의결서.pdf,2013-08-21
148,2013-30-099,(주)현대HCN 계열 9개사의 이용약관 절차 위반행위 등에 대한 심의의결서,(주)현대HCN 외 현대HCN 계열 8개사의 이용약관 절차 위반행위 등에 대한 심의의결서.pdf,2013-08-21
149,2013-30-114,(주)씨엠비 계열 7개사의 이용약관 절차 위반행위 등에 대한 심의의결서,(주)씨엠비한강케이블티비 외 씨엠비 계열 6개사의 이용약관 절차 위반행위 등에 대한 심의의결서.pdf,2013-08-21
150,2013-30-113,(주)씨엠비 계열 7개사의 이용약관 절차 위반행위 등에 대한 심의의결서,(주)씨엠비한강케이블티비 외 씨엠비 계열 6개사의 이용약관 절차 위반행위 등에 대한 심의의결서.pdf,2013-08-21
151,2013-30-112,(주)씨엠비 계열 7개사의 이용약관 절차 위반행위 등에 대한 심의의결서,(주)씨엠비한강케이블티비 외 씨엠비 계열 6개사의 이용약관 절차 위반행위 등에 대한 심의의결서.pdf,2013-08-21
152,2013-30-111,(주)씨엠비 계열 7개사의 이용약관 절차 위반행위 등에 대한 심의의결서,(주)씨엠비한강케이블티비 외 씨엠비 계열 6개사의 이용약관 절차 위반행위 등에 대한 심의의결서.pdf,2013-08-21
153,2013-30-110,(주)씨엠비 계열 7개사의 이용약관 절차 위반행위 등에 대한 심의의결서,(주)씨엠비한강케이블티비 외 씨엠비 계열 6개사의 이용약관 절차 위반행위 등에 대한 심의의결서.pdf,2013-08-21
154,2013-30-109,(주)씨엠비 계열 7개사의 이용약관 절차 위반행위 등에 대한 심의의결서,(주)씨엠비한강케이블티비 외 씨엠비 계열 6개사의 이용약관 절차 위반행위 등에 대한 심의의결서.pdf,2013-08-21
155,2013-30-108,(주)씨엠비 계열 7개사의 이용약관 절차 위반행위 등에 대한 심의의결서,(주)씨엠비한강케이블티비 외 씨엠비 계열 6개사의 이용약관 절차 위반행위 등에 대한 심의의결서.pdf,2013-08-21
156,2013-34-131,SKT(주)의 전기통신서비스 도매제공 관련 전기통신사업법 위반행위에 대한 심의의결서 ,SKT의 전기통신서비스 도매제공 관련 법위반행위 심의의결서.pdf,2013-09-16
157,2013-34-132,KT(주)의 전기통신서비스 도매제공 관련 전기통신사업법 위반행위에 대한 심의의결서 ,KT의 전기통신서비스 도매제공 관련 법위반행위 심의의결서.pdf,2013-09-16
158,2013-34-133,(주)LGU+의 전기통신서비스 도매제공 관련 전기통신사업법 위반행위에 대한 심의의결서 ,LGU+의 전기통신서비스 도매제공 관련 법위반행위 심의의결서.pdf,2013-09-16
159,2013-40-146,SK텔레콤(주)의 이동전화서비스 해지제한 관련 전기통신사업법 위반행위에 대한 심의의결서,에스케이텔레콤(주)의 이동전화서비스 해지제한 관련 전기통신사업법 위반행위에 대한 심의의결서.pdf,2013-11-15
160,2013-40-147,(주)KT의 이동전화서비스 해지제한 관련 전기통신사업법 위반행위에 대한 심의의결서,(주)케이티의 이동전화서비스 해지제한 관련 전기통신사업법 위반행위에 대한 심의의결서.pdf,2013-11-15
161,2013-40-148,(주)LGU+의 이동전화서비스 해지제한 관련 전기통신사업법 위반행위에 대한 심의의결서,(주)엘지유플러스의 이동전화서비스 해지제한 관련 전기통신사업법 위반행위에 대한 심의의결서.pdf,2013-11-15
162,2013-46-207,SK텔레콤(주)의 단말기 보조금 지급 관련 이용자이익 침해행위에 대한 심의의결서,SK텔레콤(주)의 단말기 보조금 지급 관련 이용자이익 침해행위에 대한 심의의결서.pdf,2013-12-27
163,2013-46-208,(주)KT의 단말기 보조금 지급 관련 이용자이익 침해행위에 대한 심의의결서,(주)KT의 단말기 보조금 지급 관련 이용자이익 침해행위에 대한 심의의결서.pdf,2013-12-27
164,2013-46-209,(주)LG유플러스의 단말기 보조금 지급 관련 이용자이익 침해행위에 대한 심의의결서,(주)LG유플러스의 단말기 보조금 지급 관련 이용자이익 침해행위에 대한 심의의결서.pdf,2013-12-27
165,2014-10-044,SK텔레콤(주)의 단말기 보조금 지급 관련 이용자이익 침행행위에 대한 심의의결서,SK텔레콤(주)의 단말기 보조금 지급 관련 이용자이익 침행행위에 대한 심의의결서.pdf,2014-03-13
166,2014-10-045,(주)KT의 단말기 보조금 지급 관련 이용자이익 침행행위에 대한 심의의결서,(주)KT의 단말기 보조금 지급 관련 이용자이익 침행행위에 대한 심의의결서.pdf,2014-03-13
167,2014-10-046,(주)LG유플러스의 단말기 보조금 지급 관련 이용자이익 침행행위에 대한 심의의결서,(주)LG유플러스의 단말기 보조금 지급 관련 이용자이익 침행행위에 대한 심의의결서.pdf,2014-03-13
168,2014-36-105,SK텔레콤(주)의 단말기 보조금 지급 관련 이용자이익 침행행위에 대한 심의의결서,140821_SK텔레콤(주) 심결서.pdf,2014-08-21
169,2014-36-106,주)KT의 단말기 보조금 지급 관련 이용자이익 침행행위에 대한 심의의결서,140821_(주)KT 심결서.pdf,2014-08-21
170,2014-36-107,(주)LG유플러스의 단말기 보조금 지급 관련 이용자이익 침행행위에 대한 심의의결서,140821_(주)LG유플러스 심결서.pdf,2014-08-21
171,2014-43-150,(주)네오피플의 이용자 이익 저해행위에 대한 심의의결서,1_네오피플.pdf,2014-09-24
172,2014-43-151,(주)디비고닷컴의 이용자 이익 저해행위에 대한 심의의결서,2_디비고닷컴.pdf,2014-09-24
173,2014-43-152,(주)티케이소프트의 이용자 이익 저해행위에 대한 심의의결서,3_TK소프트.pdf,2014-09-24
174,2014-43-153,(주)에스투컨텐츠의 이용자 이익 저해행위에 대한 심의의결서,4_TK네트웍스.pdf,2014-09-24
175,2014-43-154,(주)유니크인의 이용자 이익 저해행위에 대한 심의의결서,5_유니크인.pdf,2014-09-24
176,2014-43-155,(주)이지원인터넷서비스의 이용자 이익 저해행위에 대한 심의의결서,6_이지원.pdf,2014-09-24
177,2014-43-156,(주)선한아이디의 이용자 이익 저해행위에 대한 심의의결서,7_선한아이디.pdf,2014-09-24
178,2014-43-157,(주)티비이엔엠의 이용자 이익 저해행위에 대한 심의의결서,8_티비이엔엠.pdf,2014-09-24
179,2014-43-158,비엔씨피(주)의 이용자 이익 저해행위에 대한 심의의결서,9_비엔씨피.pdf,2014-09-24
180,2014-43-159,(주)베가스타의 이용자 이익 저해행위에 대한 심의의결서,10_베가스타.pdf,2014-09-24
181,2014-27-089,(주)티브로드 한빛방송의 프로그램사용료 지연지급행위에 대한 심의의결서,(주)티브로드 한빛방송의 프로그램사용료 지연지급행위에 대한 심의의결서.pdf,2014-10-14
182,2014-56-227,SK텔레콤(주). (주)KT. (주)LG유플러스의 단말기유통법 위반행위에 대한 제재방안에 관한건,141127_SK텔레콤.KT.LG유플러스의 단말기유통법 위반행위에 대한 제재방안 심의의결서.pdf,2014-11-27
183,2014-57-229,(주)KT의 단말기유통법 위반행위에 대한 시정조치,141204_(주)KT의 단말기유통법 위반행위에 대한 시정조치 심의의결서.pdf,2014-12-04
184,2014-57-230,(주)LG유플러스의 단말기유통법 위반행위에 대한 시정조치,141204_(주)LG유플러스의 단말기유통법 위반행위에 대한 시정조치 심의의결서.pdf,2014-12-04
185,2014-57-228,SK텔레콤(주)의 단말기유통법 위반행위에 대한 시정조치,141204_SK텔레콤(주)의 단말기유통법 위반행위에 대한 시정조치 심의의결서.pdf,2014-12-04
186,2014-57-231,이동통신 유통점의 단말기 유통법 위반행위에 대한 시정조치 심의의결서,141204_이동통신 유통점의 단말기 유통법 위반행위에 대한 시정조치 심의의결서.pdf,2014-12-04
187,2014-59-249,판매점의 단말기유통법 위반행위에 대한 시정조치에 관한 건,제2014-59-253호_심의의결서_01유형.pdf,2014-12-19
188,2015-12-052,유통점의 단말기유통법 위반행위에 대한 시정조치에 관한 건,제2015-12-52호_심의의결서_20150326.pdf,2015-03-26
189,2015-12-050,SK텔레콤(주)의 단말기유통법 위반행위에 대한 시정조치에 관한건,심결서(제2015-12-050_SKT).pdf,2015-03-26
190,2015-12-051,SK텔레콤(주) 관련 유통점의 단말기유통법 위반행위에 대한 시정조치에 관한 건,심결서(제2015-12-051_유통점).pdf,2015-03-26
191,2015-12-053,(주)KT스카이라이프의 SD서비스 이용자 이익 저해행위에 대한 시정조치,제2015-12-053호 심의의결서 최종 결재본.pdf,2015-04-14
192,2015-11-045,SK텔레콤(주)의 '중고폰 선보상제' 관련 단말기유통법 등 위반행위에 대한 심결서,SK텔레콤(주)의 ‘중고폰 선보상제’ 관련 단말기유통법 등 위반행위에 대한 시정조치건 의결서.pdf,2015-04-23
193,2015-11-046,(주)KT의 '중고폰 선보상제'관련 단말기유통법 등 위반행위에 대한 심결서,(주)KT의 ‘중고폰 선보상제’ 관련 단말기유통법 등 위반행위에 대한 시정조치건 의결서.pdf,2015-04-23
194,2015-11-047,(주)LG유플러스의 '중고폰 선보상제' 관련 단말기유통법 등 위반행위에 대한 심결서,(주)LG유플러스의 ‘중고폰 선보상제’ 관련 단말기유통법 등 위반행위에 대한 시정조치건 의결서.pdf,2015-04-23
195,2015-20-091,SKT(주)의 개인정보보호 위반 및 이용자 이익저해 행위 등에 대한 시정조치 심결서,SKT 심의결.pdf,2015-05-13
196,2015-20-093,(주)엘지유플러스의 개인정보보호 위반 및 이용자 이익저해 행위 등에 대한 시정조치에 관한 건,LGU+ 심의결.pdf,2015-05-13
197,2015-20-092,(주)케이티의 개인정보보호 위반 및 이용자 이익저해 행위 등에 대한 시정조치 심결서,KT 심의결.pdf,2015-05-13
198,2015-20-094,에스케이텔링크(주)의 개인정보보호 위반 및 이용자 이익저해 행위 등에 대한 시정조치 심결서,SK텔링크 심의결.pdf,2015-05-13
199,2015-23-137,방송통신 결합상품 허위·과장광고 관련 이용자 이익저해 행위에 대한 시정조치 의결서(방송),방송통신 결합상품 허위·과장광고 관련 이용자 이익저해 행위에 대한 시정조치 의결서_방송(홈페이지).pdf,2015-05-28
200,2015-23-136,방송통신 결합상품 허위·과장광고 관련 이용자 이익저해 행위에 대한 시정조치 의결서(방송),방송통신 결합상품 허위·과장광고 관련 이용자 이익저해 행위에 대한 시정조치 의결서_방송(홈페이지).pdf,2015-05-28
201,2015-23-135,방송통신 결합상품 허위·과장광고 관련 이용자 이익저해 행위에 대한 시정조치 의결서(방송),방송통신 결합상품 허위·과장광고 관련 이용자 이익저해 행위에 대한 시정조치 의결서_방송(홈페이지).pdf,2015-05-28
202,2015-23-134,방송통신 결합상품 허위·과장광고 관련 이용자 이익저해 행위에 대한 시정조치 의결서(방송),방송통신 결합상품 허위·과장광고 관련 이용자 이익저해 행위에 대한 시정조치 의결서_방송(홈페이지).pdf,2015-05-28
203,2015-23-133,방송통신 결합상품 허위·과장광고 관련 이용자 이익저해 행위에 대한 시정조치 의결서(방송),방송통신 결합상품 허위·과장광고 관련 이용자 이익저해 행위에 대한 시정조치 의결서_방송(홈페이지).pdf,2015-05-28
204,2015-23-132,방송통신 결합상품 허위·과장광고 관련 이용자 이익저해 행위에 대한 시정조치 의결서(방송),방송통신 결합상품 허위·과장광고 관련 이용자 이익저해 행위에 대한 시정조치 의결서_방송(홈페이지).pdf,2015-05-28
205,2015-23-131,방송통신 결합상품 허위·과장광고 관련 이용자 이익저해 행위에 대한 시정조치 의결서(방송),방송통신 결합상품 허위·과장광고 관련 이용자 이익저해 행위에 대한 시정조치 의결서_방송(홈페이지).pdf,2015-05-28
206,2015-23-130,방송통신 결합상품 허위·과장광고 관련 이용자 이익저해 행위에 대한 시정조치 의결서(방송),방송통신 결합상품 허위·과장광고 관련 이용자 이익저해 행위에 대한 시정조치 의결서_방송(홈페이지).pdf,2015-05-28
207,2015-23-129,방송통신 결합상품 허위·과장광고 관련 이용자 이익저해 행위에 대한 시정조치 의결서(방송),방송통신 결합상품 허위·과장광고 관련 이용자 이익저해 행위에 대한 시정조치 의결서_방송(홈페이지).pdf,2015-05-28
208,2015-23-128,방송통신 결합상품 허위·과장광고 관련 이용자 이익저해 행위에 대한 시정조치 의결서(방송),방송통신 결합상품 허위·과장광고 관련 이용자 이익저해 행위에 대한 시정조치 의결서_방송(홈페이지).pdf,2015-05-28
209,2015-23-127,방송통신 결합상품 허위·과장광고 관련 이용자 이익저해 행위에 대한 시정조치 의결서(방송),방송통신 결합상품 허위·과장광고 관련 이용자 이익저해 행위에 대한 시정조치 의결서_방송(홈페이지).pdf,2015-05-28
210,2015-23-126,방송통신 결합상품 허위·과장광고 관련 이용자 이익저해 행위에 대한 시정조치 의결서(방송),방송통신 결합상품 허위·과장광고 관련 이용자 이익저해 행위에 대한 시정조치 의결서_방송(홈페이지).pdf,2015-05-28
211,2015-23-125,방송통신 결합상품 허위·과장광고 관련 이용자 이익저해 행위에 대한 시정조치 의결서(방송),방송통신 결합상품 허위·과장광고 관련 이용자 이익저해 행위에 대한 시정조치 의결서_방송(홈페이지).pdf,2015-05-28
212,2015-23-124,방송통신 결합상품 허위·과장광고 관련 이용자 이익저해 행위에 대한 시정조치 의결서(방송),방송통신 결합상품 허위·과장광고 관련 이용자 이익저해 행위에 대한 시정조치 의결서_방송(홈페이지).pdf,2015-05-28
213,2015-23-123,방송통신 결합상품 허위·과장광고 관련 이용자 이익저해 행위에 대한 시정조치 의결서(방송),방송통신 결합상품 허위·과장광고 관련 이용자 이익저해 행위에 대한 시정조치 의결서_방송(홈페이지).pdf,2015-05-28
214,2015-23-122,방송통신 결합상품 허위·과장광고 관련 이용자 이익저해 행위에 대한 시정조치 의결서(방송),방송통신 결합상품 허위·과장광고 관련 이용자 이익저해 행위에 대한 시정조치 의결서_방송(홈페이지).pdf,2015-05-28
215,2015-23-121,방송통신 결합상품 허위·과장광고 관련 이용자 이익저해 행위에 대한 시정조치 의결서(방송),방송통신 결합상품 허위·과장광고 관련 이용자 이익저해 행위에 대한 시정조치 의결서_방송(홈페이지).pdf,2015-05-28
216,2015-23-120,방송통신 결합상품 허위·과장광고 관련 이용자 이익저해 행위에 대한 시정조치 의결서(방송),방송통신 결합상품 허위·과장광고 관련 이용자 이익저해 행위에 대한 시정조치 의결서_방송(홈페이지).pdf,2015-05-28
217,2015-23-119,방송통신 결합상품 허위·과장광고 관련 이용자 이익저해 행위에 대한 시정조치 의결서(방송),방송통신 결합상품 허위·과장광고 관련 이용자 이익저해 행위에 대한 시정조치 의결서_방송(홈페이지).pdf,2015-05-28
218,2015-23-118,방송통신 결합상품 허위·과장광고 관련 이용자 이익저해 행위에 대한 시정조치 의결서(통신),방송통신 결합상품 허위·과장광고 관련 이용자 이익저해 행위에 대한 시정조치 의결서_통신(홈페이지).pdf,2015-05-28
219,2015-23-117,방송통신 결합상품 허위·과장광고 관련 이용자 이익저해 행위에 대한 시정조치 의결서(통신),방송통신 결합상품 허위·과장광고 관련 이용자 이익저해 행위에 대한 시정조치 의결서_통신(홈페이지).pdf,2015-05-28
220,2015-23-115,방송통신 결합상품 허위·과장광고 관련 이용자 이익저해 행위에 대한 시정조치 의결서(통신),방송통신 결합상품 허위·과장광고 관련 이용자 이익저해 행위에 대한 시정조치 의결서_통신(홈페이지).pdf,2015-05-28
221,2015-35-169,판매점의 단말기유통법 위반행위에 대한 시정조치에 관한 건,제2015-35-169호_심의의결서.pdf,2015-07-09
222,2015-35-170,판매점의 단말기유통법 위반행위에 대한 시정조치에 관한 건,제2015-35-170호_심의의결서.pdf,2015-07-09
223,2015-35-171,판매점의 단말기유통법 위반행위에 대한 시정조치에 관한 건,제2015-35-171호_심의의결서.pdf,2015-07-09
224,2015-35-173,판매점의 단말기유통법 위반행위에 대한 시정조치에 관한 건,제2015-35-173호_심의의결서.pdf,2015-07-09
225,2015-35-172,판매점의 단말기유통법 위반행위에 대한 시정조치에 관한 건,제2015-35-172호_심의의결서.pdf,2015-07-09
226,2015-43-193,전기통신사업법상 이용자이익 저해행위에 대한 시정조치 등에 관한 건,151019 SK텔링크 의결서.pdf,2015-08-21
227,2015-44-202,(주)LG유플러스의 단말기유통법 위반행위에 대한 시정건,(주)LG유플러스의 단말기유통법 위반행위에 대한 시정조치 심의의결서.pdf,2015-09-03
228,2015-44-196,(주)씨씨에스 충북방송의 방송법상 적정한 수익배분 지연행위에 대한 시정조치에 관한 건,(제2015-44-196호)프로그램 사용료 의결서(충북방송).pdf,2015-09-03
229,2015-44-198,(주)씨제이헬로비전 강원방송의 방송법상 적정한 수익배분 지연행위에 대한 시정조치에 관한 건,(제2015-44-198호)프로그램 사용료 의결서(강원방송).pdf,2015-09-03
230,2015-44-199,하나방송 주식회사의 방송법상 적정한 수익배분 지연행위에 대한 시정조치에 관한 건,(제2015-44-199호)프로그램 사용료 의결서(하나방송).pdf,2015-09-03
231,2015-46-205,㈜LG유플러스 및 관련 다단계 유통점의 위법행위에 대한 시정조치에 관한 건,제2015 - 46 - 205호 엘지유플러스(공시용).pdf,2015-09-09
232,2015-46-206,㈜LG유플러스 및 관련 다단계 유통점의 위법행위에 대한 시정조치에 관한 건,제2015 - 46 - 206호 씨아이(공시용).pdf,2015-09-09
233,2015-46-207,㈜LG유플러스 및 관련 다단계 유통점의 위법행위에 대한 시정조치에 관한 건,제2015 - 46 - 207호 엑스티(공시용).pdf,2015-09-09
234,2015-46-208,㈜LG유플러스 및 관련 다단계 유통점의 위법행위에 대한 시정조치에 관한 건,제2015 - 46 - 208호 솔루션(공시용).pdf,2015-09-09
235,2015-46-209,㈜LG유플러스 및 관련 다단계 유통점의 위법행위에 대한 시정조치에 관한 건,제2015 - 46 - 209호 커뮤니케이션(공시용).pdf,2015-09-09
236,2015-46-210,㈜LG유플러스 및 관련 다단계 유통점의 위법행위에 대한 시정조치에 관한 건,제2015 - 46 - 210호 메르(공시용).pdf,2015-09-09
237,2015-46-211,㈜LG유플러스 및 관련 다단계 유통점의 위법행위에 대한 시정조치에 관한 건,제2015 - 46 - 211호 비즈(공시용).pdf,2015-09-09
238,2015-46-212,㈜LG유플러스 및 관련 다단계 유통점의 위법행위에 대한 시정조치에 관한 건,제2015 - 46 - 212호 앤율(공시용).pdf,2015-09-09
239,2015-49-222,(주)엠비엔미디어렙의 방송광고판매대행 등에 관한 법률 금지행위 위반에 대한 시정조치에 관한 건,(제2015-49-222호) 엠비엔미디어렙 의결서.pdf,2015-09-16
240,2015-57-253,(주)티브로드의 방송법령상 금지행위 위반에 대한 시정조치에 관한 건,(제2015-57-253호)(주)티브로드 심결서.pdf,2015-10-23
241,2015-57-254,(주)티브로드 노원방송의 방송법령상 금지행위 위반에 대한 시정조치에 관한 건,(제2015-57-254호)(주)티브로드 노원방송 심결서.pdf,2015-10-23
242,2015-57-255,(주)티브로드 동대문방송의 방송법령상 금지행위 위반에 대한 시정조치에 관한 건,(제2015-57-255호)(주)티브로드 동대문방송 심결서.pdf,2015-10-23
243,2015-57-256,(주)씨앤앰의 방송법령상 금지행위 위반에 대한 시정조치에 관한 건,(제2015-57-256호)(주)씨앤앰 심결서.pdf,2015-10-23
244,2015-57-257,(주)씨앤앰 강남케이블티브이의 방송법령상 금지행위 위반에 대한 시정조치에 관한 건,(제2015-57-257호)(주)씨앤앰 강남케이블티브이 심결서.pdf,2015-10-23
245,2015-57-258,(주)씨앤앰 경기동부케이블티브이의 방송법령상 금지행위 위반에 대한 시정조치에 관한 건,(제2015-57-258호)(주)씨앤앰 경기동부케이블티브이 심결서.pdf,2015-10-23
246,2015-64-278,㈜LG유플러스 및 관련 대리점의 단말기유통법 등 위반행위에 대한 시정조치에 관한 건,제2015-64-278호_심의의결서.pdf,2015-11-27
247,2015-64-279,㈜LG유플러스 및 관련 대리점의 단말기유통법 등 위반행위에 대한 시정조치에 관한 건,제2015-64-279호_심의의결서.pdf,2015-11-27
248,2015-67-288,방송통신 결합상품 허위·과장광고 등 이용자 이익 저해행위에 대한 시정조치에 관한 건,제2015-67-285~288호(홈페이지게시).pdf,2015-12-10
249,2015-67-287,방송통신 결합상품 허위·과장광고 등 이용자 이익 저해행위에 대한 시정조치에 관한 건,제2015-67-285~288호(홈페이지게시).pdf,2015-12-10
250,2015-67-286,방송통신 결합상품 허위·과장광고 등 이용자 이익 저해행위에 대한 시정조치에 관한 건,제2015-67-285~288호(홈페이지게시).pdf,2015-12-10
251,2015-67-285,방송통신 결합상품 허위·과장광고 등 이용자 이익 저해행위에 대한 시정조치에 관한 건,제2015-67-285~288호(홈페이지게시).pdf,2015-12-10
252,2015-67-293,방송통신 결합상품 허위·과장광고 등 이용자 이익 저해행위에 대한 시정조치에 관한 건,제2015-67-289~293호(홈페이지게시).pdf,2015-12-10
253,2015-67-292,방송통신 결합상품 허위·과장광고 등 이용자 이익 저해행위에 대한 시정조치에 관한 건,제2015-67-289~293호(홈페이지게시).pdf,2015-12-10
254,2015-67-291,방송통신 결합상품 허위·과장광고 등 이용자 이익 저해행위에 대한 시정조치에 관한 건,제2015-67-289~293호(홈페이지게시).pdf,2015-12-10
255,2015-67-290,방송통신 결합상품 허위·과장광고 등 이용자 이익 저해행위에 대한 시정조치에 관한 건,제2015-67-289~293호(홈페이지게시).pdf,2015-12-10
256,2015-67-289,방송통신 결합상품 허위·과장광고 등 이용자 이익 저해행위에 대한 시정조치에 관한 건,제2015-67-289~293호(홈페이지게시).pdf,2015-12-10
257,2016-08-017,케이티 전기통신사업법 위반행위에 대한 시정조치에 관한 건,KT-전기통신사업법 위반행위에 대한 시정조치에 관한 건 .pdf,2016-02-04
258,2016-08-018,알뜰폰사업자 이용자이익 저해행위에 대한 시정조치에 관한 건,1. CJ헬로비전(약관포함-확인).pdf,2016-02-04
259,2016-08-019,알뜰폰사업자 이용자이익 저해행위에 대한 시정조치에 관한 건,2. SK텔링크(존재하지않는 - 기간확인).pdf,2016-02-04
260,2016-08-020,알뜰폰사업자 이용자이익 저해행위에 대한 시정조치에 관한 건,3. 에스원(약관포함-확인).pdf,2016-02-04
261,2016-08-021,알뜰폰사업자 이용자이익 저해행위에 대한 시정조치에 관한 건,4. 유니컴즈(약관미포함-확인).pdf,2016-02-04
262,2016-08-022,알뜰폰사업자 이용자이익 저해행위에 대한 시정조치에 관한 건,5. 이지모바일(약관미포함).pdf,2016-02-04
263,2016-08-023,알뜰폰사업자 이용자이익 저해행위에 대한 시정조치에 관한 건,6. 아이즈비전(약관포함-약관 회선수 확인).pdf,2016-02-04
264,2016-08-024,알뜰폰사업자 이용자이익 저해행위에 대한 시정조치에 관한 건,7. 에넥스텔레콤(약관미포함).pdf,2016-02-04
265,2016-08-025,알뜰폰사업자 이용자이익 저해행위에 대한 시정조치에 관한 건,8. KTM모바일(약관미포함).pdf,2016-02-04
266,2016-08-026,알뜰폰사업자 이용자이익 저해행위에 대한 시정조치에 관한 건,9. 한국케이블텔레콤(약관포함).pdf,2016-02-04
267,2016-08-027,알뜰폰사업자 이용자이익 저해행위에 대한 시정조치에 관한 건,10. 인스코비(약관변경 포함).pdf,2016-02-04
268,2016-08-028,알뜰폰사업자 이용자이익 저해행위에 대한 시정조치에 관한 건,11. 프리텔레콤(약관포함).pdf,2016-02-04
269,2016-08-029,알뜰폰사업자 이용자이익 저해행위에 대한 시정조치에 관한 건,12. 미디어로그(약관미포함).pdf,2016-02-04
270,2016-08-030,알뜰폰사업자 이용자이익 저해행위에 대한 시정조치에 관한 건,13. KT파워텔(약관포함).pdf,2016-02-04
271,2016-08-031,알뜰폰사업자 이용자이익 저해행위에 대한 시정조치에 관한 건,14. 앤알커뮤니케이션(약관포함).pdf,2016-02-04
272,2016-08-032,알뜰폰사업자 이용자이익 저해행위에 대한 시정조치에 관한 건,15. 위너스텔(약관포함).pdf,2016-02-04
273,2016-08-033,알뜰폰사업자 이용자이익 저해행위에 대한 시정조치에 관한 건,16. 세종텔레콤(약관포함).pdf,2016-02-04
274,2016-08-034,알뜰폰사업자 이용자이익 저해행위에 대한 시정조치에 관한 건,17. 머천드코리아(약관포함).pdf,2016-02-04
275,2016-08-035,알뜰폰사업자 이용자이익 저해행위에 대한 시정조치에 관한 건,18. 큰사람(약관미포함).pdf,2016-02-04
276,2016-08-036,알뜰폰사업자 이용자이익 저해행위에 대한 시정조치에 관한 건,19. 스마텔(약관포함).pdf,2016-02-04
277,2016-13-046,이동통신단말장치 유통구조 개선에 관한 법률상 공시지원금을 초과하여 과다지원금을 지급한 위반행위에 대한 시정조치에 관한 건,제2016-13-046호.pdf,2016-03-10
278,2016-13-047,이동통신단말장치 유통구조 개선에 관한 법률상 공시지원금을 초과하여 과다지원금을 지급한 위반행위에 대한 시정조치에 관한 건,제2016-13-047호.pdf,2016-03-10
279,2016-13-048,이동통신단말장치 유통구조 개선에 관한 법률상 공시지원금을 초과하여 과다지원금을 지급한 위반행위에 대한 시정조치에 관한 건,제2016-13-048호.pdf,2016-03-10
280,2016-13-049,이동통신단말장치 유통구조 개선에 관한 법률상 공시지원금을 초과하여 과다지원금을 지급하거나. 이동통신사업자의 사전승낙을 받은 사실을 표시하여 영업장에 게시하지 않은 위반행위에 대한 시정조치에 관한 건,제2016-13-049호.pdf,2016-03-10
281,2016-13-050,이동통신단말장치 유통구조 개선에 관한 법률상 이동통신사업자의 사전승낙을 받은 사실을 표시하여 영업장에 게시하지 않은 위반행위에 대한 시정조치에 관한 건,제2016-13-050호.pdf,2016-03-10
282,2016-13-051,이동통신단말장치 유통구조 개선에 관한 법률상 사실조사를 거부방해한 위반행위에 관한 건,제2016-13-051호.pdf,2016-03-10
283,2016-39-141,이동통신단말장치 유통구조 개선에 관한 법률상 사실조사를 거부방해한 위반행위에 관한 건,제2016 - 39 - 141호_LGU+ 사실조사를 거부방해한 위반행위에 대한 심의의의결서_공시.pdf,2016-07-08
284,2016-51-191,단말기유통법상 법인영업 관련 지원금 과다지급 제한 및 차별적 지원금 지급유도 금지 위반행위에 대한 시정조치에 관한 건,제2016 - 51 - 191호_LGU+의 단말기유통법 위반행위에 대한 시정조치 심의의결서_공시.pdf,2016-09-07
285,2016-51-192,단말기유통법상 법인영업 관련 공시지원금을 초과하여 과다지원금을 지급한 위반행위에 대한 시정조치에 관한 건,제2016 - 51 - 192호_유통점의 단말기유통법 위반행위에 대한 시정조치 심의의결서_공시.pdf,2016-09-07
286,2016-68-263,(KT)초고속인터넷 단품 및 결합상품 경품 등 제공 관련 이용자 이익 침해행위에 대한 시정조치에 관한 건,제2016-68-263호 (KT)초고속인터넷 단품 및 결합상품 경품 등 제공 관련 이용자 이익 침해행위에 대한 시정조치에 관한 건.pdf,2016-12-06
287,2016-68-264,(SKB)초고속인터넷 단품 및 결합상품 경품 등 제공 관련 이용자 이익 침해행위에 대한 시정조치에 관한 건,제2016-68-264호 (SKB)초고속인터넷 단품 및 결합상품 경품 등 제공 관련 이용자 이익 침해행위에 대한 시정조치에 관한 건.pdf,2016-12-06
288,2016-68-265,(LGU+)초고속인터넷 단품 및 결합상품 경품 등 제공 관련 이용자 이익 침해행위에 대한 시정조치에 관한 건,제2016-68-265호 (LGU+)초고속인터넷 단품 및 결합상품 경품 등 제공 관련 이용자 이익 침해행위에 대한 시정조치에 관한 건.pdf,2016-12-06
289,2016-68-266,(SKT)초고속인터넷 단품 및 결합상품 경품 등 제공 관련 이용자 이익 침해행위에 대한 시정조치에 관한 건,제2016-68-266호 (SKT)초고속인터넷 단품 및 결합상품 경품 등 제공 관련 이용자 이익 침해행위에 대한 시정조치에 관한 건.pdf,2016-12-06
290,2016-68-267,(CJ헬로비전)초고속인터넷 단품 및 결합상품 경품 등 제공 관련 이용자 이익 침해행위에 대한 시정조치에 관한 건,제2016-68-267호 (CJ헬로비전)초고속인터넷 단품 및 결합상품 경품 등 제공 관련 이용자 이익 침해행위에 대한 시정조치에 관한 건.pdf,2016-12-06
291,2016-68-268,(티브로드)초고속인터넷 단품 및 결합상품 경품 등 제공 관련 이용자 이익 침해행위에 대한 시정조치에 관한 건,제2016-68-268호 (티브로드)초고속인터넷 단품 및 결합상품 경품 등 제공 관련 이용자 이익 침해행위에 대한 시정조치에 관한 건.pdf,2016-12-06
292,2016-68-269,(딜라이브)초고속인터넷 단품 및 결합상품 경품 등 제공 관련 이용자 이익 침해행위에 대한 시정조치에 관한 건,제2016-68-269호 (딜라이브)초고속인터넷 단품 및 결합상품 경품 등 제공 관련 이용자 이익 침해행위에 대한 시정조치에 관한 건.pdf,2016-12-06
293,2016-71-288,(주)씨제이헬로비전의 방송법령상 금지행위 위반에 대한 시정조치 등에 관한 건,288호(주)씨제이헬로비전 심결서0217.PDF,2016-12-21
294,2016-71-289,(주)씨엠비 광주방송의 방송법령상 금지행위 위반에 대한 시정조치 등에 관한 건,289호(주)씨엠비 광주방송 심결서0217.PDF,2016-12-21
295,2016-71-290,(주)씨엠비 대구방송의 방송법령상 금지행위 위반에 대한 시정조치 등에 관한 건,290호(주)씨엠비 대구방송 심결서0217.PDF,2016-12-21
296,2016-71-291,(주)씨엠비 대전방송의 방송법령상 금지행위 위반에 대한 시정조치 등에 관한 건,291호(주)씨엠비 대전방송 심결서0217.PDF,2016-12-21
297,2016-71-292,(주)씨엠비 동서방송의 방송법령상 금지행위 위반에 대한 시정조치 등에 관한 건,292호(주)씨엠비 동서방송 심결서0217.PDF,2016-12-21
298,2016-71-293,(주)씨엠비 충청방송의 방송법령상 금지행위 위반에 대한 시정조치 등에 관한 건,293호(주)씨엠비 충청방송 심결서0217.PDF,2016-12-21
299,2016-71-294,(주)씨엠비 한강케이블티비의 방송법령상 금지행위 위반에 대한 시정조치 등에 관한 건,294호(주)씨엠비 한강케이블티비 심결서0217.PDF,2016-12-21
300,2016-71-295,(주)현대에이치씨엔의 방송법령상 금지행위 위반에 대한 시정조치 등에 관한 건,295호(주)현대에이치씨엔 심결서0217.PDF,2016-12-21
301,2016-71-296,(주)현대에이치씨엔 경북방송의 방송법령상 금지행위 위반에 대한 시정조치 등에 관한 건,296호(주)현대에이치씨엔 경북방송 심결서0217.PDF,2016-12-21
302,2016-71-297,(주)현대에이치씨엔 동작방송의 방송법령상 금지행위 위반에 대한 시정조치 등에 관한 건,297호(주)현대에이치씨엔 동작방송 심결서0217.PDF,2016-12-21
303,2016-71-298,(주)현대에이치씨엔 부산방송의 방송법령상 금지행위 위반에 대한 시정조치 등에 관한 건,298호(주)현대에이치씨엔 부산방송 심결서0217.PDF,2016-12-21
304,2016-71-299,(주)현대에이치씨엔 서초방송의 방송법령상 금지행위 위반에 대한 시정조치 등에 관한 건,299호(주)현대에이치씨엔 서초방송 심결서0217.PDF,2016-12-21
305,2016-71-300,(주)현대에이치씨엔 충북방송의 방송법령상 금지행위 위반에 대한 시정조치 등에 관한 건,300호(주)현대에이치씨엔 충북방송 심결서0217.PDF,2016-12-21
306,2016-71-301,(주)케이티스카이라이프의 방송법령상 금지행위 위반에 대한 시정조치 등에 관한 건,301호(주)케이티스카이라이프 심결서0217.PDF,2016-12-21
307,2016-71-302,(주)케이티의 인터넷 멀티미디어 방송사업법령상 금지행위 위반에 대한 시정조치 등에 관한 건,302호(주)케이티 심결서0217.PDF,2016-12-21
308,2016-71-303,에스케이브로드밴드(주)의 인터넷 멀티미디어 방송사업법령상 금지행위 위반에 대한 시정조치 등에 관한 건,303호에스케이브로드밴드(주) 심결서0217.PDF,2016-12-21
309,2016-71-304,(주)엘지유플러스의 인터넷 멀티미디어 방송사업법령상 금지행위 위반에 대한 시정조치 등에 관한 건,304호(주)엘지유플러스 심결서0217.PDF,2016-12-21
310,2017-04-024,개인정보보호 법규 위반 사업자에 대한 시정조치에 관한 건,2017-04-24.pdf,2017-01-26
311,2017-04-025,개인정보보호 법규 위반 사업자에 대한 시정조치에 관한 건,2017-04-25.pdf,2017-01-26
312,2017-04-027,개인정보보호 법규 위반 사업자에 대한 시정조치에 관한 건,2017-04-27.pdf,2017-01-26
313,2017-04-026,개인정보보호 법규 위반 사업자에 대한 시정조치에 관한 건,2017-04-26.pdf,2017-01-26
314,2017-04-028,개인정보보호 법규 위반 사업자에 대한 시정조치에 관한 건,2017-04-28.pdf,2017-01-26
315,2017-04-029,개인정보보호 법규 위반 사업자에 대한 시정조치에 관한 건,2017-04-29.pdf,2017-01-26
316,2017-04-030,개인정보보호 법규 위반 사업자에 대한 시정조치에 관한 건,2017-04-30.pdf,2017-01-26
317,2017-05-031,개인정보 유효기간제 위반사업자에 대한 시정조치에 관한 건,2017-05-31.pdf,2017-02-07
318,2017-05-032,개인정보 유효기간제 위반사업자에 대한 시정조치에 관한 건,2017-05-32.pdf,2017-02-07
319,2017-05-033,개인정보 유효기간제 위반사업자에 대한 시정조치에 관한 건,2017-05-33.pdf,2017-02-07
320,2017-05-034,개인정보 유효기간제 위반사업자에 대한 시정조치에 관한 건,2017-05-34.pdf,2017-02-07
321,2017-05-035,개인정보 유효기간제 위반사업자에 대한 시정조치에 관한 건,2017-05-35.pdf,2017-02-07
322,2017-13-071,개인정보보호 법규 위반 사업자에 대한 시정조치에 관한 건,2017-13-71.pdf,2017-03-15
323,2017-13-072,개인정보보호 법규 위반 사업자에 대한 시정조치에 관한 건,2017-13-72.pdf,2017-03-15
324,2017-13-073,개인정보보호 법규 위반 사업자에 대한 시정조치에 관한 건,2017-13-73.pdf,2017-03-15
325,2017-13-074,개인정보보호 법규 위반 사업자에 대한 시정조치에 관한 건,2017-13-74.pdf,2017-03-15
326,2-17-13-075,개인정보보호 법규 위반 사업자에 대한 시정조치에 관한 건,2017-13-75.pdf,2017-03-15
327,2017-13-076,개인정보보호 법규 위반 사업자에 대한 시정조치에 관한 건,2017-13-76.pdf,2017-03-15
328,2017-13-077,개인정보보호 법규 위반 사업자에 대한 시정조치에 관한 건,2017-13-77.pdf,2017-03-15
329,2017-13-078,개인정보보호 법규 위반 사업자에 대한 시정조치에 관한 건,2017-13-78.pdf,2017-03-15
330,2017-13-079,개인정보보호 법규 위반 사업자에 대한 시정조치에 관한 건,2017-13-79.pdf,2017-03-15
331,2017-14-082,SK텔레콤(주) 외국인 영업관련 단말기 유통법 위반행위에 대한 시정조치에 관한 건,제2017 - 14 - 082호_ SK텔레콤(주) 외국인 영업관련 단말기유통법 위반행위에 대한 시정조치에 관한 건.pdf,2017-03-21
332,2017-14-083,주식회사 케이티 외국인 영업관련 단말기유통법 위반행위에 대한 시정조치에 관한 건,제2017 - 14 - 083호_주식회사 케이티 외국인 영업관련 단말기유통법 위반행위에 대한 시정조치에 관한 건.pdf,2017-03-21
333,2017-14-084,(주)엘지유플러스 외국인 영업관련 단말기유통법 위반행위에 대한 시정조치에 관한 건,제2017 - 14 - 084호_(주)엘지유플러스 외국인 영업관련 단말기유통법 위반행위에 대한 시정조치에 관한 건.pdf,2017-03-21
334,2017-14-085,판매점의 외국인 영업관련 단말기유통법 위반행위에 대한 시정조치에 관한 건,제2017 - 14 - 085호_판매점의 외국인 영업관련 단말기유통법 위반행위에 대한 시정조치에 관한 건.pdf,2017-03-21
335,2017-14-086,판매점의 외국인 영업관련 단말기유통법 위반행위에 대한 시정조치에 관한 건,제2017 - 14 - 086호_판매점의 외국인 영업관련 단말기유통법 위반행위에 대한 시정조치에 관한 건.pdf,2017-03-21
336,2017-14-087,판매점의 외국인 영업관련 단말기유통법 위반행위에 대한 시정조치에 관한 건,제2017 - 14 - 087호_판매점의 외국인 영업관련 단말기유통법 위반행위에 대한 시정조치에 관한 건.pdf,2017-03-21
337,2017-14-088,판매점의 외국인 영업관련 단말기유통법 위반행위에 대한 시정조치에 관한 건,제2017 - 14 - 088호_판매점의 외국인 영업관련 단말기유통법 위반행위에 대한 시정조치에 관한 건.pdf,2017-03-21
338,2017-14-089,단말기유통법상 판매 영업 관련 이동통신사업자의 사전승낙을 받은 사실을 표시하여 영업장에 게시하지 않은 위반행위에 대한 시정조치에 관한 건,제2017 - 14 - 089호_단말기유통법상 판매 영업 관련 이동통신사업자의 사전승낙을 받은 사실을 표시하여 영업장에 게시하지 않은 위반행위에 대한 시정조치에 관한 건.pdf,2017-03-21
339,2017-14-090,이동통신단말장치 유통구조 개선에 관한 법률 위반행위(사실조사 거부),제2017 - 14 - 090호 이동통신단말장치 유통구조 개선에 관한 법률 위반행위(사실조사 거부).pdf,2017-03-21
340,2018-33-377,개인정보 법규 위반행위에 대한 시정조치에 관한 건,2018-33-377.pdf,2017-07-04
341,2017-22-125,개인정보 유출신고 사업자 등의 개인정보보호 법규 위반에 대한 시정조치에 관한 건,2017_22_125.pdf,2017-08-08
342,2017-22-126,개인정보 유출신고 사업자 등의 개인정보보호 법규 위반에 대한 시정조치에 관한 건,2017_22_126.pdf,2017-08-08
343,2017-22-127,개인정보 유출신고 사업자 등의 개인정보보호 법규 위반에 대한 시정조치에 관한 건,2017_22_127.pdf,2017-08-08
344,2017-22-128,개인정보 유출신고 사업자 등의 개인정보보호 법규 위반에 대한 시정조치에 관한 건,2017_22_128.pdf,2017-08-08
345,2017-22-129,개인정보 유출신고 사업자 등의 개인정보보호 법규 위반에 대한 시정조치에 관한 건,2017_22_129.pdf,2017-08-08
346,2017-22-130,개인정보 유출신고 사업자 등의 개인정보보호 법규 위반에 대한 시정조치에 관한 건,2017_22_130.pdf,2017-08-08
347,2017-22-131,개인정보 유출신고 사업자 등의 개인정보보호 법규 위반에 대한 시정조치에 관한 건,2017_22_131.pdf,2017-08-08
348,2017-22-132,개인정보 유출신고 사업자 등의 개인정보보호 법규 위반에 대한 시정조치에 관한 건,2017_22_132.pdf,2017-08-08
349,2017-30-162,㈜OOOO의 개인정보 유출사고에 대한 시정조치에 관한 건,2017_30_162.pdf,2017-09-08
350,2017-32-174,TV홈쇼핑사의 금지행위 위반에 대한 시정조치에 관한 건,제2017-32-174호.pdf,2017-09-14
351,2017-32-175,TV홈쇼핑사의 금지행위 위반에 대한 시정조치에 관한 건,제2017-32-175호.pdf,2017-09-14
352,2017-32-176,TV홈쇼핑사의 금지행위 위반에 대한 시정조치에 관한 건,제2017-32-176호.pdf,2017-09-14
353,2017-32-177,TV홈쇼핑사의 금지행위 위반에 대한 시정조치에 관한 건,제2017-32-177호.pdf,2017-09-14
354,2017-32-178,TV홈쇼핑사의 금지행위 위반에 대한 시정조치에 관한 건,제2017-32-178호.pdf,2017-09-14
355,2017-32-179,TV홈쇼핑사의 금지행위 위반에 대한 시정조치에 관한 건,제2017-32-179호.pdf,2017-09-14
356,2017-32-180,TV홈쇼핑사의 금지행위 위반에 대한 시정조치에 관한 건,제2017-32-180호.pdf,2017-09-14
357,2017-36-215,개인정보 유출신고 사업자 등의 개인정보보호 법규 위반에 대한 시정조치에 관한 건,2017_36_215.pdf,2017-10-12
358,2017-36-216,개인정보 유출신고 사업자 등의 개인정보보호 법규 위반에 대한 시정조치에 관한 건,2017_36_216.pdf,2017-10-12
359,2017-36-217,개인정보 유출신고 사업자 등의 개인정보보호 법규 위반에 대한 시정조치에 관한 건,2017_36_217.pdf,2017-10-12
360,2017-36-218,개인정보 유출신고 사업자 등의 개인정보보호 법규 위반에 대한 시정조치에 관한 건,2017_36_218.pdf,2017-10-12
361,2017-36-219,개인정보 유출신고 사업자 등의 개인정보보호 법규 위반에 대한 시정조치에 관한 건,2017_36_219.pdf,2017-10-12
362,2017-36-220,개인정보 유출신고 사업자 등의 개인정보보호 법규 위반에 대한 시정조치에 관한 건,2017_36_220.pdf,2017-10-12
363,2017-36-221,개인정보 유출신고 사업자 등의 개인정보보호 법규 위반에 대한 시정조치에 관한 건,2017_36_221.pdf,2017-10-12
364,2017-36-222,개인정보 유출신고 사업자 등의 개인정보보호 법규 위반에 대한 시정조치에 관한 건,2017_36_222.pdf,2017-10-12
365,2017-36-223,개인정보 유출신고 사업자 등의 개인정보보호 법규 위반에 대한 시정조치에 관한 건,2017_36_223.pdf,2017-10-12
366,2017-36-224,개인정보 유출신고 사업자 등의 개인정보보호 법규 위반에 대한 시정조치에 관한 건,2017_36_224.pdf,2017-10-12
367,2017-43-263,(주)케이티의 초고속인터넷 및 결합상품 서비스 해지제한 관련 이용자이익 침해행위에 대한 시정조치에 관한 건,KT의 초고속인터넷 및 결합상품서비스 해지제한 관련 심의의결서.pdf,2017-12-06
368,2017-43-264,에스케이브로드밴드(주)의 초고속인터넷 및 결합상품 서비스 해지제한 관련 이용자이익 침해행위에 대한 시정조치에 관한 건,SK브로드밴드의 초고속인터넷 및 결합상품서비스 해지제한 관련 심의의결서.pdf,2017-12-06
369,2017-43-265,(주)엘지유플러스의 초고속인터넷 및 결합상품 서비스 해지제한 관련 이용자이익 침해행위에 대한 시정조치에 관한 건,LGU+의 초고속인터넷 및 결합상품서비스 해지제한 관련 심의의결서.pdf,2017-12-06
370,2017-43-266,에스케이텔레콤(주)의 초고속인터넷 및 결합상품 서비스 해지제한 관련 이용자이익 침해행위에 대한 시정조치에 관한 건,SK텔레콤의 초고속인터넷 및 결합상품서비스 해지제한 관련 심의의결서.pdf,2017-12-06
371,2017-45-269,O2O사업자 개인정보보호 법규 위반에 대한 시정조치에 관한 건,2017_45_269.pdf,2017-12-12
372,2017-45-270,O2O사업자 개인정보보호 법규 위반에 대한 시정조치에 관한 건,2017_45_270.pdf,2017-12-12
373,2017-45-271,O2O사업자 개인정보보호 법규 위반에 대한 시정조치에 관한 건,2017_45_271.pdf,2017-12-12
374,2017-45-272,O2O사업자 개인정보보호 법규 위반에 대한 시정조치에 관한 건,2017_45_272.pdf,2017-12-12
375,2017-45-273,O2O사업자 개인정보보호 법규 위반에 대한 시정조치에 관한 건,2017_45_273.pdf,2017-12-12
376,2017-45-274,O2O사업자 개인정보보호 법규 위반에 대한 시정조치에 관한 건,2017_45_274.pdf,2017-12-12
377,2017-45-275,O2O사업자 개인정보보호 법규 위반에 대한 시정조치에 관한 건,2017_45_275.pdf,2017-12-12
378,2017-45-276,O2O사업자 개인정보보호 법규 위반에 대한 시정조치에 관한 건,2017_45_276.pdf,2017-12-12
379,2017-48-291,통신사 영업점 등 24개사의 개인정보보호 법규 위반에 대한 시정조치에 관한 건,2017_48_291.pdf,2017-12-21
380,2017-48-292,통신사 영업점 등 24개사의 개인정보보호 법규 위반에 대한 시정조치에 관한 건,2017_48_292.pdf,2017-12-21
381,2017-48-293,통신사 영업점 등 24개사의 개인정보보호 법규 위반에 대한 시정조치에 관한 건,2017_48_293.pdf,2017-12-21
382,2017-48-294,통신사 영업점 등 24개사의 개인정보보호 법규 위반에 대한 시정조치에 관한 건,2017_48_294.pdf,2017-12-21
383,2017-48-295,통신사 영업점 등 24개사의 개인정보보호 법규 위반에 대한 시정조치에 관한 건,2017_48_295.pdf,2017-12-21
384,2017-48-296,통신사 영업점 등 24개사의 개인정보보호 법규 위반에 대한 시정조치에 관한 건,2017_48_296.pdf,2017-12-21
385,2017-48-297,통신사 영업점 등 24개사의 개인정보보호 법규 위반에 대한 시정조치에 관한 건,2017_48_297.pdf,2017-12-21
386,2017-48-298,통신사 영업점 등 24개사의 개인정보보호 법규 위반에 대한 시정조치에 관한 건,2017_48_298.pdf,2017-12-21
387,2017-48-299,통신사 영업점 등 24개사의 개인정보보호 법규 위반에 대한 시정조치에 관한 건,2017_48_299.pdf,2017-12-21
388,2017-48-300,통신사 영업점 등 24개사의 개인정보보호 법규 위반에 대한 시정조치에 관한 건,2017_48_300.pdf,2017-12-21
389,2017-48-301,통신사 영업점 등 24개사의 개인정보보호 법규 위반에 대한 시정조치에 관한 건,2017_48_301.pdf,2017-12-21
390,2017-48-302,통신사 영업점 등 24개사의 개인정보보호 법규 위반에 대한 시정조치에 관한 건,2017_48_302.pdf,2017-12-21
391,2017-48-303,통신사 영업점 등 24개사의 개인정보보호 법규 위반에 대한 시정조치에 관한 건,2017_48_303.pdf,2017-12-21
392,2017-48-304,통신사 영업점 등 24개사의 개인정보보호 법규 위반에 대한 시정조치에 관한 건,2017_48_304.pdf,2017-12-21
393,2017-48-305,통신사 영업점 등 24개사의 개인정보보호 법규 위반에 대한 시정조치에 관한 건,2017_48_305.pdf,2017-12-21
394,2017-48-306,통신사 영업점 등 24개사의 개인정보보호 법규 위반에 대한 시정조치에 관한 건,2017_48_306.pdf,2017-12-21
395,2017-48-307,통신사 영업점 등 24개사의 개인정보보호 법규 위반에 대한 시정조치에 관한 건,2017_48_307.pdf,2017-12-21
396,2017-48-308,통신사 영업점 등 24개사의 개인정보보호 법규 위반에 대한 시정조치에 관한 건,2017_48_308.pdf,2017-12-21
397,2017-48-309,통신사 영업점 등 24개사의 개인정보보호 법규 위반에 대한 시정조치에 관한 건,2017_48_309.pdf,2017-12-21
398,2017-48-310,통신사 영업점 등 24개사의 개인정보보호 법규 위반에 대한 시정조치에 관한 건,2017_48_310.pdf,2017-12-21
399,2017-48-311,통신사 영업점 등 24개사의 개인정보보호 법규 위반에 대한 시정조치에 관한 건,2017_48_311.pdf,2017-12-21
400,2017-48-312,통신사 영업점 등 24개사의 개인정보보호 법규 위반에 대한 시정조치에 관한 건,2017_48_312.pdf,2017-12-21
401,2017-48-313,통신사 영업점 등 24개사의 개인정보보호 법규 위반에 대한 시정조치에 관한 건,2017_48_313.pdf,2017-12-21
402,2017-48-314,통신사 영업점 등 24개사의 개인정보보호 법규 위반에 대한 시정조치에 관한 건,2017_48_314.pdf,2017-12-21
403,2018-05-017,개인정보보호 법규 위반에 대한 시정조치에 관한 건,2018-05-017.pdf,2018-01-24
404,2018-05-018,개인정보보호 법규 위반에 대한 시정조치에 관한 건,2018-05-018.pdf,2018-01-24
405,2018-05-019,개인정보보호 법규 위반에 대한 시정조치에 관한 건,2018-05-019.pdf,2018-01-24
406,2018-05-020,개인정보보호 법규 위반에 대한 시정조치에 관한 건,2018-05-020.pdf,2018-01-24
407,2018-05-021,개인정보보호 법규 위반에 대한 시정조치에 관한 건,2018-05-021.pdf,2018-01-24
408,2018-05-022,개인정보보호 법규 위반에 대한 시정조치에 관한 건,2018-05-022.pdf,2018-01-24
409,2018-05-023,개인정보보호 법규 위반에 대한 시정조치에 관한 건,2018-05-023.pdf,2018-01-24
410,2018-05-024,개인정보보호 법규 위반에 대한 시정조치에 관한 건,2018-05-024.pdf,2018-01-24
411,2018-05-025,에스케이텔레콤(주) 및 유통점의 단말기유통법 위반행위에 대한 시정조치에 관한 건,제2018-05-025호 에스케이텔레콤(주) 및 유통점의 단말기유통법 위반행위에 대한 시정조치에 관한 건.pdf,2018-01-24
412,2018-05-026,주식회사 케이티 및 유통점의 단말기유통법 위반행위에 대한 시정조치에 관한 건,제2018-05-026호 주식회사 케이티 및 유통점의 단말기유통법 위반행위에 대한 시정조치에 관한 건.pdf,2018-01-24
413,2018-05-027,(주)엘지유플러스 및 유통점의 단말기유통법 위반행위에 대한 시정조치에 관한 건,제2018-05-027호 (주)엘지유플러스 및 유통점의 단말기유통법 위반행위에 대한 시정조치에 관한 건.pdf,2018-01-24
414,2018-05-028,유통점의 단말기유통법 위반행위에 대한 시정조치에 관한 건,제2018-05-028호 유통점의 단말기유통법 위반행위에 대한 시정조치에 관한 건.pdf,2018-01-24
415,2018-05-029,유통점의 단말기유통법 위반행위에 대한 시정조치에 관한 건,제2018-05-029호 유통점의 단말기유통법 위반행위에 대한 시정조치에 관한 건.pdf,2018-01-24
416,2018-05-030,유통점의 단말기유통법 위반행위에 대한 시정조치에 관한 건,제2018-05-030호 유통점의 단말기유통법 위반행위에 대한 시정조치에 관한 건.pdf,2018-01-24
417,2018-05-031,유통점의 단말기유통법 위반행위에 대한 시정조치에 관한 건,제2018-05-031호 유통점의 단말기유통법 위반행위에 대한 시정조치에 관한 건.pdf,2018-01-24
418,2018-05-032,유통점의 단말기유통법 위반행위에 대한 시정조치에 관한 건,제2018-05-032호 유통점의 단말기유통법 위반행위에 대한 시정조치에 관한 건.pdf,2018-01-24
419,2018-05-033,유통점의 단말기유통법 위반행위에 대한 시정조치에 관한 건,제2018-05-033호 유통점의 단말기유통법 위반행위에 대한 시정조치에 관한 건.pdf,2018-01-24
420,2018-05-034,유통점의 단말기유통법 위반행위에 대한 시정조치에 관한 건,제2018-05-034호 유통점의 단말기유통법 위반행위에 대한 시정조치에 관한 건.pdf,2018-01-24
421,2018-05-035,유통점의 단말기유통법 위반행위에 대한 시정조치에 관한 건,제2018-05-035호 유통점의 단말기유통법 위반행위에 대한 시정조치에 관한 건.pdf,2018-01-24
422,2018-05-036,에스케이텔레콤(주) 법인영업 단말기유통법 위반행위에 대한 시정조치에 관한 건,제2018-05-036호 에스케이텔레콤(주) 법인영업 단말기유통법 위반행위에 대한 시정조치에 관한 건.pdf,2018-01-24
423,2018-05-037,(주) 케이티 법인영업 단말기유통법 위반행위에 대한 시정조치에 관한 건,제2018-05-037호 (주) 케이티 법인영업 단말기유통법 위반행위에 대한 시정조치에 관한 건.pdf,2018-01-24
424,2018-05-038,(주) 엘지유플러스 법인영업 단말기유통법 위반행위에 대한 시정조치에 관한 건,제2018-05-038호 (주) 엘지유플러스 법인영업 단말기유통법 위반행위에 대한 시정조치에 관한 건.pdf,2018-01-24
425,2018-05-039,에스케이텔레콤(주) 대형유통점의 단말기유통법 위반행위에 대한 시정조치에 관한 건,제2018-05-039호 에스케이텔레콤(주) 대형유통점의 단말기유통법 위반행위에 대한 시정조치에 관한 건.pdf,2018-01-24
426,2018-05-040,(주) 케이티 대형유통점의 단말기유통법 위반행위에 대한 시정조치에 관한 건,제2018-05-040호 (주) 케이티 대형유통점의 단말기유통법 위반행위에 대한 시정조치에 관한 건.pdf,2018-01-24
427,2018-05-041,(주) 엘지유플러스 대형유통점의 단말기유통법 위반행위에 대한 시정조치에 관한 건,제2018-05-041호 (주) 엘지유플러스 대형유통점의 단말기유통법 위반행위에 대한 시정조치에 관한 건.pdf,2018-01-24
428,2018-05-042,대형유통점의 단말기유통법 위반행위에 대한 시정조치에 관한 건,제2018-05-042호 대형유통점의 단말기유통법 위반행위에 대한 시정조치에 관한 건.pdf,2018-01-24
429,2018-09-053,개인정보보호 법규 위반한 12개사에 대한 시정조치에 관한 건,2018-09-053.pdf,2018-02-21
430,2018-09-054,개인정보보호 법규 위반한 12개사에 대한 시정조치에 관한 건,2018-09-054.pdf,2018-02-21
431,2018-09-055,개인정보보호 법규 위반한 12개사에 대한 시정조치에 관한 건,2018-09-055.pdf,2018-02-21
432,2018-09-056,개인정보보호 법규 위반한 12개사에 대한 시정조치에 관한 건,2018-09-056.pdf,2018-02-21
433,2018-09-057,개인정보보호 법규 위반한 12개사에 대한 시정조치에 관한 건,2018-09-057.pdf,2018-02-21
434,2018-09-058,개인정보보호 법규 위반한 12개사에 대한 시정조치에 관한 건,2018-09-058.pdf,2018-02-21
435,2018-09-059,개인정보보호 법규 위반한 12개사에 대한 시정조치에 관한 건,2018-09-059.pdf,2018-02-21
436,2018-09-060,개인정보보호 법규 위반한 12개사에 대한 시정조치에 관한 건,2018-09-060.pdf,2018-02-21
437,2018-09-061,개인정보보호 법규 위반한 12개사에 대한 시정조치에 관한 건,2018-09-061.pdf,2018-02-21
438,2018-09-062,개인정보보호 법규 위반한 12개사에 대한 시정조치에 관한 건,2018-09-062.pdf,2018-02-21
439,2018-09-063,개인정보보호 법규 위반한 12개사에 대한 시정조치에 관한 건,2018-09-063.pdf,2018-02-21
440,2018-09-064,개인정보보호 법규 위반한 12개사에 대한 시정조치에 관한 건,2018-09-064.pdf,2018-02-21
441,2018-13-099,페이스북 접속경로 변경 관련 전기통신사업법 위반행위에 대한 시정조치에 관한 건,페이스북 접속경로 변경 관련 전기통신사업법 위반행위에 대한 시정조치에 관한 건.pdf,2018-03-21
442,2018-14-100,개인정보 유출사고에 대한 시정조치에 관한 건,2018-14-100.pdf,2018-03-28
443,2018-26-344,개인정보 유출사업자 법규 위반사항 시정조치에 관한 건,2018-26-344.pdf,2018-05-30
444,2018-26-345,개인정보 유출사업자 법규 위반사항 시정조치에 관한 건,2018-26-345.pdf,2018-05-30
445,2018-26-346,개인정보 유출사업자 법규 위반사항 시정조치에 관한 건,2018-26-346.pdf,2018-05-30
446,2018-26-347,개인정보 유출사업자 법규 위반사항 시정조치에 관한 건,2018-26-347.pdf,2018-05-30
447,2018-26-348,개인정보 유출사업자 법규 위반사항 시정조치에 관한 건,2018-26-348.pdf,2018-05-30
448,2018-26-349,개인정보 유출사업자 법규 위반사항 시정조치에 관한 건,2018-26-349.pdf,2018-05-30
449,2018-26-350,개인정보 유출사업자 법규 위반사항 시정조치에 관한 건,2018-26-350.pdf,2018-05-30
450,2018-26-351,개인정보 유출사업자 법규 위반사항 시정조치에 관한 건,2018-26-351.pdf,2018-05-30
451,2018-35-382,개인정보보호 법규 위반사업자에 대한 시정조치에 관한 건,2018-35-382.pdf,2018-07-11
452,2018-35-383,개인정보보호 법규 위반사업자에 대한 시정조치에 관한 건,2018-35-383.pdf,2018-07-11
453,2018-35-384,개인정보보호 법규 위반사업자에 대한 시정조치에 관한 건,2018-35-384.pdf,2018-07-11
454,2018-35-385,개인정보보호 법규 위반사업자에 대한 시정조치에 관한 건,2018-35-385.pdf,2018-07-11
455,2018-35-386,개인정보보호 법규 위반사업자에 대한 시정조치에 관한 건,2018-35-386.pdf,2018-07-11
456,2018-35-387,개인정보보호 법규 위반사업자에 대한 시정조치에 관한 건,2018-35-387.pdf,2018-07-11
457,2018-35-388,개인정보보호 법규 위반사업자에 대한 시정조치에 관한 건,2018-35-388.pdf,2018-07-11
458,2018-35-389,개인정보보호 법규 위반사업자에 대한 시정조치에 관한 건,2018-35-389.pdf,2018-07-11
459,2018-35-390,개인정보보호 법규 위반사업자에 대한 시정조치에 관한 건,2018-35-390.pdf,2018-07-11
460,2018-35-391,개인정보보호 법규 위반사업자에 대한 시정조치에 관한 건,2018-35-391.pdf,2018-07-11
461,2018-47-428,개인정보보호 법규 위반사업자에 대한 시정조치에 관한 건,2018-47-428.pdf,2018-09-04
462,2018-47-429,개인정보보호 법규 위반사업자에 대한 시정조치에 관한 건,2018-47-429.pdf,2018-09-04
463,2018-47-430,개인정보보호 법규 위반사업자에 대한 시정조치에 관한 건,2018-47-430.pdf,2018-09-04
464,2018-47-431,개인정보보호 법규 위반사업자에 대한 시정조치에 관한 건,2018-47-431.pdf,2018-09-04
465,2018-47-432,개인정보보호 법규 위반사업자에 대한 시정조치에 관한 건,2018-47-432.pdf,2018-09-04
466,2018-47-433,개인정보보호 법규 위반사업자에 대한 시정조치에 관한 건,2018-47-433.pdf,2018-09-04
467,2018-47-434,개인정보보호 법규 위반사업자에 대한 시정조치에 관한 건,2018-47-434.pdf,2018-09-04
468,2018-47-435,개인정보보호 법규 위반사업자에 대한 시정조치에 관한 건,2018-47-435.pdf,2018-09-04
469,2018-47-436,개인정보보호 법규 위반사업자에 대한 시정조치에 관한 건,2018-47-436.pdf,2018-09-04
470,2018-47-437,개인정보보호 법규 위반사업자에 대한 시정조치에 관한 건,2018-47-437.pdf,2018-09-04
471,2018-47-438,개인정보보호 법규 위반사업자에 대한 시정조치에 관한 건,2018-47-438.pdf,2018-09-04
472,2018-47-439,개인정보보호 법규 위반사업자에 대한 시정조치에 관한 건,2018-47-439.pdf,2018-09-04
473,2018-47-440,개인정보보호 법규 위반사업자에 대한 시정조치에 관한 건,2018-47-440.pdf,2018-09-04
474,2018-47-441,개인정보보호 법규 위반사업자에 대한 시정조치에 관한 건,2018-47-441.pdf,2018-09-04
475,2018-47-442,개인정보보호 법규 위반사업자에 대한 시정조치에 관한 건,2018-47-442.pdf,2018-09-04
476,2018-47-443,개인정보보호 법규 위반사업자에 대한 시정조치에 관한 건,2018-47-443.pdf,2018-09-04
477,2018-47-444,개인정보보호 법규 위반행위에 대한 시정조치에 관한 건,2018-47-444.pdf,2018-09-04
478,2018-55-467,대표번호 카드결제서비스 관련 전기통신사업법 위반행위에 대한 시정조치 등에 관한 건(주. 케이티),의결서(1).pdf,2018-10-12
479,2018-59-534,(주)티브로드 방송채널 차단 행위의 금지행위 위반에 대한 시정조치 등에 관한 건,(2018-59-534) (주)티브로드 방송채널 차단 행위의 금지행위 위반에 대한 시정조치 의결서(홈페이지).pdf,2018-10-31
480,2018-59-535,(주)티브로드 동대문방송 방송채널 차단 행위의 금지행위 위반에 대한 시정조치 등에 관한 건,(2018-59-535) (주)티브로드 동대문방송 방송채널 차단 행위의 금지행위 위반에 대한 시정조치 의결서(홈페이지).pdf,2018-10-31
481,2018-67-557,개인정보보호 법규 위반사업자에 대한 시정조치에 관한 건,2018-67-557.pdf,2018-11-28
482,2018-67-558,개인정보보호 법규 위반사업자에 대한 시정조치에 관한 건,2018-67-558.pdf,2018-11-28
483,2018-67-559,개인정보보호 법규 위반사업자에 대한 시정조치에 관한 건,2018-67-559.pdf,2018-11-28
484,2018-67-560,개인정보보호 법규 위반사업자에 대한 시정조치에 관한 건,2018-67-560.pdf,2018-11-28
485,2018-67-561,개인정보보호 법규 위반사업자에 대한 시정조치에 관한 건,2018-67-561.pdf,2018-11-28
486,2018-67-562,개인정보보호 법규 위반사업자에 대한 시정조치에 관한 건,2018-67-562.pdf,2018-11-28
487,2018-67-563,개인정보보호 법규 위반사업자에 대한 시정조치에 관한 건,2018-67-563.pdf,2018-11-28
488,2018-67-564,개인정보보호 법규 위반사업자에 대한 시정조치에 관한 건,2018-67-564.pdf,2018-11-28
489,2018-67-565,개인정보보호 법규 위반사업자에 대한 시정조치에 관한 건,2018-67-565.pdf,2018-11-28
490,2018-67-566,개인정보보호 법규 위반사업자에 대한 시정조치에 관한 건,2018-67-566.pdf,2018-11-28
491,2018-71-585,개인정보 법규위반에 대한 시정조치에 관한 건,2018-71-585.pdf,2018-12-19
492,2018-58-478,민신문고 등 민원 관련 유통점의 단말기유통법 위반행위에 대한 시정조치에 관한 건,제2018-58-480호~533호._478호.zip,2019-01-14
493,2018-58-533,민신문고 등 민원 관련 유통점의 단말기유통법 위반행위에 대한 시정조치에 관한 건,제2018-58-480호~533호._478호.zip,2019-01-14
494,2018-58-532,민신문고 등 민원 관련 유통점의 단말기유통법 위반행위에 대한 시정조치에 관한 건,제2018-58-480호~533호._478호.zip,2019-01-14
495,2018-58-531,민신문고 등 민원 관련 유통점의 단말기유통법 위반행위에 대한 시정조치에 관한 건,제2018-58-480호~533호._478호.zip,2019-01-14
496,2018-58-530,민신문고 등 민원 관련 유통점의 단말기유통법 위반행위에 대한 시정조치에 관한 건,제2018-58-480호~533호._478호.zip,2019-01-14
497,2018-58-529,민신문고 등 민원 관련 유통점의 단말기유통법 위반행위에 대한 시정조치에 관한 건,제2018-58-480호~533호._478호.zip,2019-01-14
498,2018-58-528,민신문고 등 민원 관련 유통점의 단말기유통법 위반행위에 대한 시정조치에 관한 건,제2018-58-480호~533호._478호.zip,2019-01-14
499,2018-58-527,민신문고 등 민원 관련 유통점의 단말기유통법 위반행위에 대한 시정조치에 관한 건,제2018-58-480호~533호._478호.zip,2019-01-14
500,2018-58-526,민신문고 등 민원 관련 유통점의 단말기유통법 위반행위에 대한 시정조치에 관한 건,제2018-58-480호~533호._478호.zip,2019-01-14
501,2018-58-525,민신문고 등 민원 관련 유통점의 단말기유통법 위반행위에 대한 시정조치에 관한 건,제2018-58-480호~533호._478호.zip,2019-01-14
502,2018-58-524,민신문고 등 민원 관련 유통점의 단말기유통법 위반행위에 대한 시정조치에 관한 건,제2018-58-480호~533호._478호.zip,2019-01-14
503,2018-58-523,민신문고 등 민원 관련 유통점의 단말기유통법 위반행위에 대한 시정조치에 관한 건,제2018-58-480호~533호._478호.zip,2019-01-14
504,2018-58-522,민신문고 등 민원 관련 유통점의 단말기유통법 위반행위에 대한 시정조치에 관한 건,제2018-58-480호~533호._478호.zip,2019-01-14
505,2018-58-521,민신문고 등 민원 관련 유통점의 단말기유통법 위반행위에 대한 시정조치에 관한 건,제2018-58-480호~533호._478호.zip,2019-01-14
506,2018-58-520,민신문고 등 민원 관련 유통점의 단말기유통법 위반행위에 대한 시정조치에 관한 건,제2018-58-480호~533호._478호.zip,2019-01-14
507,2018-58-519,민신문고 등 민원 관련 유통점의 단말기유통법 위반행위에 대한 시정조치에 관한 건,제2018-58-480호~533호._478호.zip,2019-01-14
508,2018-58-518,민신문고 등 민원 관련 유통점의 단말기유통법 위반행위에 대한 시정조치에 관한 건,제2018-58-480호~533호._478호.zip,2019-01-14
509,2018-58-517,민신문고 등 민원 관련 유통점의 단말기유통법 위반행위에 대한 시정조치에 관한 건,제2018-58-480호~533호._478호.zip,2019-01-14
510,2018-58-516,민신문고 등 민원 관련 유통점의 단말기유통법 위반행위에 대한 시정조치에 관한 건,제2018-58-480호~533호._478호.zip,2019-01-14
511,2018-58-515,민신문고 등 민원 관련 유통점의 단말기유통법 위반행위에 대한 시정조치에 관한 건,제2018-58-480호~533호._478호.zip,2019-01-14
512,2018-58-514,민신문고 등 민원 관련 유통점의 단말기유통법 위반행위에 대한 시정조치에 관한 건,제2018-58-480호~533호._478호.zip,2019-01-14
513,2018-58-513,민신문고 등 민원 관련 유통점의 단말기유통법 위반행위에 대한 시정조치에 관한 건,제2018-58-480호~533호._478호.zip,2019-01-14
514,2018-58-512,민신문고 등 민원 관련 유통점의 단말기유통법 위반행위에 대한 시정조치에 관한 건,제2018-58-480호~533호._478호.zip,2019-01-14
515,2018-58-511,민신문고 등 민원 관련 유통점의 단말기유통법 위반행위에 대한 시정조치에 관한 건,제2018-58-480호~533호._478호.zip,2019-01-14
516,2018-58-510,민신문고 등 민원 관련 유통점의 단말기유통법 위반행위에 대한 시정조치에 관한 건,제2018-58-480호~533호._478호.zip,2019-01-14
517,2018-58-509,민신문고 등 민원 관련 유통점의 단말기유통법 위반행위에 대한 시정조치에 관한 건,제2018-58-480호~533호._478호.zip,2019-01-14
518,2018-58-508,민신문고 등 민원 관련 유통점의 단말기유통법 위반행위에 대한 시정조치에 관한 건,제2018-58-480호~533호._478호.zip,2019-01-14
519,2018-58-507,민신문고 등 민원 관련 유통점의 단말기유통법 위반행위에 대한 시정조치에 관한 건,제2018-58-480호~533호._478호.zip,2019-01-14
520,2018-58-506,민신문고 등 민원 관련 유통점의 단말기유통법 위반행위에 대한 시정조치에 관한 건,제2018-58-480호~533호._478호.zip,2019-01-14
521,2018-58-505,민신문고 등 민원 관련 유통점의 단말기유통법 위반행위에 대한 시정조치에 관한 건,제2018-58-480호~533호._478호.zip,2019-01-14
522,2018-58-504,민신문고 등 민원 관련 유통점의 단말기유통법 위반행위에 대한 시정조치에 관한 건,제2018-58-480호~533호._478호.zip,2019-01-14
523,2018-58-503,민신문고 등 민원 관련 유통점의 단말기유통법 위반행위에 대한 시정조치에 관한 건,제2018-58-480호~533호._478호.zip,2019-01-14
524,2018-58-502,민신문고 등 민원 관련 유통점의 단말기유통법 위반행위에 대한 시정조치에 관한 건,제2018-58-480호~533호._478호.zip,2019-01-14
525,2018-58-501,민신문고 등 민원 관련 유통점의 단말기유통법 위반행위에 대한 시정조치에 관한 건,제2018-58-480호~533호._478호.zip,2019-01-14
526,2018-58-500,민신문고 등 민원 관련 유통점의 단말기유통법 위반행위에 대한 시정조치에 관한 건,제2018-58-480호~533호._478호.zip,2019-01-14
527,2018-58-499,민신문고 등 민원 관련 유통점의 단말기유통법 위반행위에 대한 시정조치에 관한 건,제2018-58-480호~533호._478호.zip,2019-01-14
528,2018-58-498,민신문고 등 민원 관련 유통점의 단말기유통법 위반행위에 대한 시정조치에 관한 건,제2018-58-480호~533호._478호.zip,2019-01-14
529,2018-58-497,민신문고 등 민원 관련 유통점의 단말기유통법 위반행위에 대한 시정조치에 관한 건,제2018-58-480호~533호._478호.zip,2019-01-14
530,2018-58-496,민신문고 등 민원 관련 유통점의 단말기유통법 위반행위에 대한 시정조치에 관한 건,제2018-58-480호~533호._478호.zip,2019-01-14
531,2018-58-495,민신문고 등 민원 관련 유통점의 단말기유통법 위반행위에 대한 시정조치에 관한 건,제2018-58-480호~533호._478호.zip,2019-01-14
532,2018-58-494,민신문고 등 민원 관련 유통점의 단말기유통법 위반행위에 대한 시정조치에 관한 건,제2018-58-480호~533호._478호.zip,2019-01-14
533,2018-58-493,민신문고 등 민원 관련 유통점의 단말기유통법 위반행위에 대한 시정조치에 관한 건,제2018-58-480호~533호._478호.zip,2019-01-14
534,2018-58-492,민신문고 등 민원 관련 유통점의 단말기유통법 위반행위에 대한 시정조치에 관한 건,제2018-58-480호~533호._478호.zip,2019-01-14
535,2018-58-491,민신문고 등 민원 관련 유통점의 단말기유통법 위반행위에 대한 시정조치에 관한 건,제2018-58-480호~533호._478호.zip,2019-01-14
536,2018-58-490,민신문고 등 민원 관련 유통점의 단말기유통법 위반행위에 대한 시정조치에 관한 건,제2018-58-480호~533호._478호.zip,2019-01-14
537,2018-58-489,민신문고 등 민원 관련 유통점의 단말기유통법 위반행위에 대한 시정조치에 관한 건,제2018-58-480호~533호._478호.zip,2019-01-14
538,2018-58-488,민신문고 등 민원 관련 유통점의 단말기유통법 위반행위에 대한 시정조치에 관한 건,제2018-58-480호~533호._478호.zip,2019-01-14
539,2018-58-487,민신문고 등 민원 관련 유통점의 단말기유통법 위반행위에 대한 시정조치에 관한 건,제2018-58-480호~533호._478호.zip,2019-01-14
540,2018-58-486,민신문고 등 민원 관련 유통점의 단말기유통법 위반행위에 대한 시정조치에 관한 건,제2018-58-480호~533호._478호.zip,2019-01-14
541,2018-58-485,민신문고 등 민원 관련 유통점의 단말기유통법 위반행위에 대한 시정조치에 관한 건,제2018-58-480호~533호._478호.zip,2019-01-14
542,2018-58-484,민신문고 등 민원 관련 유통점의 단말기유통법 위반행위에 대한 시정조치에 관한 건,제2018-58-480호~533호._478호.zip,2019-01-14
543,2018-58-483,민신문고 등 민원 관련 유통점의 단말기유통법 위반행위에 대한 시정조치에 관한 건,제2018-58-480호~533호._478호.zip,2019-01-14
544,2018-58-482,민신문고 등 민원 관련 유통점의 단말기유통법 위반행위에 대한 시정조치에 관한 건,제2018-58-480호~533호._478호.zip,2019-01-14
545,2018-58-481,민신문고 등 민원 관련 유통점의 단말기유통법 위반행위에 대한 시정조치에 관한 건,제2018-58-480호~533호._478호.zip,2019-01-14
546,2018-58-480,민신문고 등 민원 관련 유통점의 단말기유통법 위반행위에 대한 시정조치에 관한 건,제2018-58-480호~533호._478호.zip,2019-01-14
547,2018-61-540,국민신문고 등 민원 관련 유통점의 단말기유통법 위반행위에 대한 시정조치에 관한 건,제2018-61-540호.pdf,2019-01-14
548,2019-05-015,개인정보보호 법규 위반사업자에 대한 시정조치에 관한 건,2019-05-015.pdf,2019-01-29
549,2019-05-016,개인정보보호 법규 위반사업자에 대한 시정조치에 관한 건,2019-05-016.pdf,2019-01-29
550,2019-05-017,개인정보보호 법규 위반사업자에 대한 시정조치에 관한 건,2019-05-017.pdf,2019-01-29
551,2019-05-018,개인정보보호 법규 위반사업자에 대한 시정조치에 관한 건,2019-05-018.pdf,2019-01-29
552,2019-05-019,개인정보보호 법규 위반사업자에 대한 시정조치에 관한 건,2019-05-019.pdf,2019-01-29
553,2019-05-020,개인정보보호 법규 위반사업자에 대한 시정조치에 관한 건,2019-05-020.pdf,2019-01-29
554,2019-05-021,개인정보보호 법규 위반사업자에 대한 시정조치에 관한 건,2019-05-021.pdf,2019-01-29
555,2019-05-022,개인정보보호 법규 위반사업자에 대한 시정조치에 관한 건,2019-05-022.pdf,2019-01-29
556,2019-05-023,개인정보보호 법규 위반사업자에 대한 시정조치에 관한 건,2019-05-023.pdf,2019-01-29
557,2019-05-024,개인정보보호 법규 위반사업자에 대한 시정조치에 관한 건,2019-05-024.pdf,2019-01-29
558,2019-14-057,에스케이텔레콤(주)의 단말기유통법 위반행위에 대한 시정조치에 관한 건,2019-14-057-에스케이텔레콤(주)의 단말기유통법 위반행위에 대한 시정조치에 관한 건.pdf,2019-03-20
559,2019-14-058,(주)케이티의 단말기유통법 위반행위에 대한 시정조치에 관한 건,2019-14-058-(주)케이티의 단말기유통법 위반행위에 대한 시정조치에 관한 건.pdf,2019-03-20
560,2019-14-059,(주)엘지유플러스의 단말기유통법 위반행위에 대한 시정조치에 관한 건,2019-14-059-(주)엘지유플러스의 단말기유통법 위반행위에 대한 시정조치에 관한 건.pdf,2019-03-20
561,2019-14-060,유통점의 단말기유통법 위반행위에 대한 시정조치에 관한 건,2019-14-060-유통점의 단말기유통법 위반행위에 대한 시정조치에 관한 건.pdf,2019-03-20
562,2019-14-061,유통점의 단말기유통법 위반행위에 대한 시정조치에 관한 건,2019-14-061-유통점의 단말기유통법 위반행위에 대한 시정조치에 관한 건.pdf,2019-03-20
563,2019-14-062,유통점의 단말기유통법 위반행위에 대한 시정조치에 관한 건,2019-14-062-유통점의 단말기유통법 위반행위에 대한 시정조치에 관한 건.pdf,2019-03-20
564,2019-14-063,유통점의 단말기유통법 위반행위에 대한 시정조치에 관한 건,2019-14-063-유통점의 단말기유통법 위반행위에 대한 시정조치에 관한 건.pdf,2019-03-20
565,2019-14-064,유통점의 단말기유통법 위반행위에 대한 시정조치에 관한 건,2019-14-064-유통점의 단말기유통법 위반행위에 대한 시정조치에 관한 건.pdf,2019-03-20
566,2019-14-065,유통점의 단말기유통법 위반행위에 대한 시정조치에 관한 건,2019-14-065-유통점의 단말기유통법 위반행위에 대한 시정조치에 관한 건.pdf,2019-03-20
567,2019-14-066,유통점의 단말기유통법 위반행위에 대한 시정조치에 관한 건,2019-14-066-유통점의 단말기유통법 위반행위에 대한 시정조치에 관한 건.pdf,2019-03-20
568,2019-14-067,유통점의 단말기유통법 위반행위에 대한 시정조치에 관한 건,2019-14-067-유통점의 단말기유통법 위반행위에 대한 시정조치에 관한 건.pdf,2019-03-20
569,2019-14-068,유통점의 단말기유통법 위반행위에 대한 시정조치에 관한 건,2019-14-068-유통점의 단말기유통법 위반행위에 대한 시정조치에 관한 건.pdf,2019-03-20
570,2019-14-069,유통점의 단말기유통법 위반행위에 대한 시정조치에 관한 건,2019-14-069-유통점의 단말기유통법 위반행위에 대한 시정조치에 관한 건.pdf,2019-03-20
571,2019-14-070,유통점의 단말기유통법 위반행위에 대한 시정조치에 관한 건,2019-14-070-유통점의 단말기유통법 위반행위에 대한 시정조치에 관한 건.pdf,2019-03-20
572,2019-14-071,유통점의 단말기유통법 위반행위에 대한 시정조치에 관한 건,2019-14-071-유통점의 단말기유통법 위반행위에 대한 시정조치에 관한 건.pdf,2019-03-20
573,2019-17-076,전기통신사업법 위반 특수유형부가통신사업자에 대한 시정조치에 관한 건,전기통신사업법 위반 특수유형부가통신사업자에 대한 시정조치에 관한 건 심의의결서(제2019-17-076호).pdf,2019-04-17
574,2019-17-077,전기통신사업법 위반 특수유형부가통신사업자에 대한 시정조치에 관한 건,전기통신사업법 위반 특수유형부가통신사업자에 대한 시정조치에 관한 건 심의의결서(제2019-17-077호).pdf,2019-04-17
575,2019-17-078,전기통신사업법 위반 특수유형부가통신사업자에 대한 시정조치에 관한 건,전기통신사업법 위반 특수유형부가통신사업자에 대한 시정조치에 관한 건 심의의결서(제2019-17-078호).pdf,2019-04-17
576,2019-17-079,전기통신사업법 위반 특수유형부가통신사업자에 대한 시정조치에 관한 건,전기통신사업법 위반 특수유형부가통신사업자에 대한 시정조치에 관한 건 심의의결서(제2019-17-079호).pdf,2019-04-17
577,2019-17-080,전기통신사업법 위반 특수유형부가통신사업자에 대한 시정조치에 관한 건,전기통신사업법 위반 특수유형부가통신사업자에 대한 시정조치에 관한 건 심의의결서(제2019-17-080호).pdf,2019-04-17
578,2019-31-136,초고속인터넷 및 결합상품 서비스 해지제한 관련 이용자이익 침해 행위에 대한 시정조치에 관한 건,해지제한 시정조치에 관한 건(제2019-31-136호).pdf,2019-06-26
579,2019-31-137,초고속인터넷 및 결합상품 서비스 해지제한 관련 이용자이익 침해 행위에 대한 시정조치에 관한 건,해지제한 시정조치에 관한 건(제2019-31-137호).pdf,2019-06-26
580,2019-33-139,에스케이텔레콤(주)의 단말기유통법 위반에 따른 시정조치에 관한 건,에스케이텔레콤(주)의 단말기유통법 위반에 따른 시정조치에 관한 건 .pdf,2019-07-09
581,2019-28-116,개인정보 보호 법규 위반에 대한 시정조치에 관한 건,2019-28-116.pdf,2019-07-18
582,2019-28-117,개인정보 보호 법규 위반에 대한 시정조치에 관한 건,2019-28-117.pdf,2019-07-18
583,2019-28-118,개인정보 보호 법규 위반에 대한 시정조치에 관한 건,2019-28-118.pdf,2019-07-18
584,2019-41-162,개인정보보호 법규 위반사업자에 대한 시정조치에 관한 건,2019-41-162.pdf,2019-08-23
585,2019-41-163,개인정보보호 법규 위반사업자에 대한 시정조치에 관한 건,2019-41-163.pdf,2019-08-23
586,2019-41-164,개인정보보호 법규 위반사업자에 대한 시정조치에 관한 건,2019-41-164.pdf,2019-08-23
587,2019-41-165,개인정보보호 법규 위반사업자에 대한 시정조치에 관한 건,2019-41-165.pdf,2019-08-23
588,2019-41-166,개인정보보호 법규 위반사업자에 대한 시정조치에 관한 건,2019-41-166.pdf,2019-08-23
589,2019-41-167,개인정보보호 법규 위반사업자에 대한 시정조치에 관한 건,2019-41-167.pdf,2019-08-23
590,2019-41-168,개인정보보호 법규 위반사업자에 대한 시정조치에 관한 건,2019-41-168.pdf,2019-08-23
591,2019-41-169,개인정보보호 법규 위반사업자에 대한 시정조치에 관한 건,2019-41-169.pdf,2019-08-23
592,2019-41-170,개인정보보호 법규 위반사업자에 대한 시정조치에 관한 건,2019-41-170.pdf,2019-08-23
593,2019-41-172,개인정보보호 법규 위반사업자에 대한 시정조치에 관한 건,2019-41-172.pdf,2019-08-23
594,2019-41-173,개인정보보호 법규 위반사업자에 대한 시정조치에 관한 건,2019-41-173.pdf,2019-08-23
595,2019-41-174,개인정보보호 법규 위반사업자에 대한 시정조치에 관한 건,2019-41-174.pdf,2019-08-23
596,2019-41-175,개인정보보호 법규 위반사업자에 대한 시정조치에 관한 건,2019-41-175.pdf,2019-08-23
597,2019-41-176,개인정보보호 법규 위반사업자에 대한 시정조치에 관한 건,2019-41-176.pdf,2019-08-23
598,2019-41-177,개인정보보호 법규 위반사업자에 대한 시정조치에 관한 건,2019-41-177.pdf,2019-08-23
599,2019-41-178,개인정보보호 법규 위반사업자에 대한 시정조치에 관한 건,2019-41-178.pdf,2019-08-23
600,2019-41-179,개인정보보호 법규 위반사업자에 대한 시정조치에 관한 건,2019-41-179.pdf,2019-08-23
601,2019-41-180,개인정보보호 법규 위반사업자에 대한 시정조치에 관한 건,2019-41-180.pdf,2019-08-23
602,2019-41-181,개인정보보호 법규 위반사업자에 대한 시정조치에 관한 건,2019-41-181.pdf,2019-08-23
603,2019-41-182,개인정보보호 법규 위반사업자에 대한 시정조치에 관한 건,2019-41-182.pdf,2019-08-23
604,2019-41-183,개인정보보호 법규 위반사업자에 대한 시정조치에 관한 건,2019-41-183.pdf,2019-08-23
605,2019-41-184,개인정보보호 법규 위반사업자에 대한 시정조치에 관한 건,2019-41-184.pdf,2019-08-23
606,2019-41-186,개인정보보호 법규 위반사업자에 대한 시정조치에 관한 건,2019-41-186.pdf,2019-08-23
607,2019-41-187,개인정보보호 법규 위반사업자에 대한 시정조치에 관한 건,2019-41-187.pdf,2019-08-23
608,2019-41-188,개인정보보호 법규 위반사업자에 대한 시정조치에 관한 건,2019-41-188.pdf,2019-08-23
609,2019-41-189,개인정보보호 법규 위반사업자에 대한 시정조치에 관한 건,2019-41-189.pdf,2019-08-23
610,2019-41-190,개인정보보호 법규 위반사업자에 대한 시정조치에 관한 건,2019-41-190.pdf,2019-08-23
611,2019-41-191,개인정보보호 법규 위반사업자에 대한 시정조치에 관한 건,2019-41-191.pdf,2019-08-23
612,2019-41-192,개인정보보호 법규 위반사업자에 대한 시정조치에 관한 건,2019-41-192.pdf,2019-08-23
613,2019-41-193,개인정보보호 법규 위반사업자에 대한 시정조치에 관한 건,2019-41-193.pdf,2019-08-23
614,2019-41-194,개인정보보호 법규 위반사업자에 대한 시정조치에 관한 건,2019-41-194.pdf,2019-08-23
615,2019-41-195,개인정보보호 법규 위반사업자에 대한 시정조치에 관한 건,2019-41-195.pdf,2019-08-23
616,2019-41-196,개인정보보호 법규 위반사업자에 대한 시정조치에 관한 건,2019-41-196.pdf,2019-08-23
617,2019-41-197,개인정보보호 법규 위반사업자에 대한 시정조치에 관한 건,2019-41-197.pdf,2019-08-23
618,2019-41-198,개인정보보호 법규 위반사업자에 대한 시정조치에 관한 건,2019-41-198.pdf,2019-08-23
619,2019-41-199,개인정보보호 법규 위반사업자에 대한 시정조치에 관한 건,2019-41-199.pdf,2019-08-23
620,2019-41-201,개인정보보호 법규 위반사업자에 대한 시정조치에 관한 건,2019-41-201.pdf,2019-08-23
621,2019-41-202,개인정보보호 법규 위반사업자에 대한 시정조치에 관한 건,2019-41-202.pdf,2019-08-23
622,2019-41-203,개인정보보호 법규 위반사업자에 대한 시정조치에 관한 건,2019-41-203.pdf,2019-08-23
623,2019-41-205,개인정보보호 법규 위반사업자에 대한 시정조치에 관한 건,2019-41-205.pdf,2019-08-23
624,2019-41-206,개인정보보호 법규 위반사업자에 대한 시정조치에 관한 건,2019-41-206.pdf,2019-08-23
625,2019-41-207,개인정보보호 법규 위반사업자에 대한 시정조치에 관한 건,2019-41-207.pdf,2019-08-23
626,2019-41-208,개인정보보호 법규 위반사업자에 대한 시정조치에 관한 건,2019-41-208.pdf,2019-08-23
627,2019-41-209,개인정보보호 법규 위반사업자에 대한 시정조치에 관한 건,2019-41-209.pdf,2019-08-23
628,2019-41-210,개인정보보호 법규 위반사업자에 대한 시정조치에 관한 건,2019-41-210.pdf,2019-08-23
629,2019-41-212,개인정보보호 법규 위반사업자에 대한 시정조치에 관한 건,2019-41-212.pdf,2019-08-23
630,2019-41-213,개인정보보호 법규 위반사업자에 대한 시정조치에 관한 건,2019-41-213.pdf,2019-08-23
631,2019-41-214,개인정보보호 법규 위반사업자에 대한 시정조치에 관한 건,2019-41-214.pdf,2019-08-23
632,2019-41-215,개인정보보호 법규 위반사업자에 대한 시정조치에 관한 건,2019-41-215.pdf,2019-08-23
633,2019-41-216,개인정보보호 법규 위반사업자에 대한 시정조치에 관한 건,2019-41-216.pdf,2019-08-23
634,2019-41-217,개인정보보호 법규 위반사업자에 대한 시정조치에 관한 건,2019-41-217.pdf,2019-08-23
635,2019-41-218,개인정보보호 법규 위반사업자에 대한 시정조치에 관한 건,2019-41-218.pdf,2019-08-23
636,2019-41-219,개인정보보호 법규 위반사업자에 대한 시정조치에 관한 건,2019-41-219.pdf,2019-08-23
637,2019-41-220,개인정보보호 법규 위반사업자에 대한 시정조치에 관한 건,2019-41-220.pdf,2019-08-23
638,2019-41-221,개인정보보호 법규 위반사업자에 대한 시정조치에 관한 건,2019-41-221.pdf,2019-08-23
639,2019-41-222,개인정보보호 법규 위반사업자에 대한 시정조치에 관한 건,2019-41-222.pdf,2019-08-23
640,2019-41-223,개인정보보호 법규 위반사업자에 대한 시정조치에 관한 건,2019-41-223.pdf,2019-08-23
641,2019-41-224,개인정보보호 법규 위반사업자에 대한 시정조치에 관한 건,2019-41-224.pdf,2019-08-23
642,2019-41-225,개인정보보호 법규 위반사업자에 대한 시정조치에 관한 건,2019-41-225.pdf,2019-08-23
643,2019-41-226,개인정보보호 법규 위반사업자에 대한 시정조치에 관한 건,2019-41-226.pdf,2019-08-23
644,2019-41-227,개인정보보호 법규 위반사업자에 대한 시정조치에 관한 건,2019-41-227.pdf,2019-08-23
645,2019-41-228,개인정보보호 법규 위반사업자에 대한 시정조치에 관한 건,2019-41-228.pdf,2019-08-23
646,2019-41-229,개인정보보호 법규 위반사업자에 대한 시정조치에 관한 건,2019-41-229.pdf,2019-08-23
647,2019-41-230,개인정보보호 법규 위반사업자에 대한 시정조치에 관한 건,2019-41-230.pdf,2019-08-23
648,2019-41-231,개인정보보호 법규 위반사업자에 대한 시정조치에 관한 건,2019-41-231.pdf,2019-08-23
649,2019-41-232,개인정보보호 법규 위반사업자에 대한 시정조치에 관한 건,2019-41-232.pdf,2019-08-23
650,2019-41-233,개인정보보호 법규 위반사업자에 대한 시정조치에 관한 건,2019-41-233.pdf,2019-08-23
651,2019-41-234,개인정보보호 법규 위반사업자에 대한 시정조치에 관한 건,2019-41-234.pdf,2019-08-23
652,2019-41-235,개인정보보호 법규 위반사업자에 대한 시정조치에 관한 건,2019-41-235.pdf,2019-08-23
653,2019-41-236,개인정보보호 법규 위반사업자에 대한 시정조치에 관한 건,2019-41-236.pdf,2019-08-23
654,2019-41-237,개인정보보호 법규 위반사업자에 대한 시정조치에 관한 건,2019-41-237.pdf,2019-08-23
655,2019-41-238,개인정보보호 법규 위반사업자에 대한 시정조치에 관한 건,2019-41-238.pdf,2019-08-23
656,2019-41-239,개인정보보호 법규 위반사업자에 대한 시정조치에 관한 건,2019-41-239.pdf,2019-08-23
657,2019-44-257,개인정보보호 법규 위반사업자에 대한 시정조치에 관한 건,2019-44-257.pdf,2019-09-06
658,2019-44-260,개인정보보호 법규 위반사업자에 대한 시정조치에 관한 건,2019-44-260.pdf,2019-09-06
659,2019-44-263,개인정보보호 법규 위반사업자에 대한 시정조치에 관한 건,2019-44-263.pdf,2019-09-06
660,2019-44-264,개인정보보호 법규 위반사업자에 대한 시정조치에 관한 건,2019-44-264.pdf,2019-09-06
661,2019-44-267,개인정보보호 법규 위반사업자에 대한 시정조치에 관한 건,2019-44-267.pdf,2019-09-06
662,2019-57-294,개인정보보호 법규 위반사업자에 대한 시정조치에 관한 건,2019-57-294.pdf,2019-11-22
663,2019-57-295,개인정보보호 법규 위반사업자에 대한 시정조치에 관한 건,2019-57-295.pdf,2019-11-22
664,2019-57-296,개인정보보호 법규 위반사업자에 대한 시정조치에 관한 건,2019-57-296.pdf,2019-11-22
665,2019-57-297,개인정보보호 법규 위반사업자에 대한 시정조치에 관한 건,2019-57-297.pdf,2019-11-22
666,2019-57-298,개인정보보호 법규 위반사업자에 대한 시정조치에 관한 건,2019-57-298.pdf,2019-11-22
667,2019-57-299,개인정보보호 법규 위반사업자에 대한 시정조치에 관한 건,2019-57-299.pdf,2019-11-22
668,2019-57-300,개인정보보호 법규 위반사업자에 대한 시정조치에 관한 건,2019-57-300.pdf,2019-11-22
669,2019-57-301,개인정보보호 법규 위반사업자에 대한 시정조치에 관한 건,2019-57-301.pdf,2019-11-22
670,2019-57-302,개인정보보호 법규 위반사업자에 대한 시정조치에 관한 건,2019-57-302.pdf,2019-11-22
671,2019-57-303,개인정보보호 법규 위반사업자에 대한 시정조치에 관한 건,2019-57-303.pdf,2019-11-22
672,2019-57-304,개인정보보호 법규 위반사업자에 대한 시정조치에 관한 건,2019-57-304.pdf,2019-11-22
673,2020-04-006,개인정보보호 법규 위반사업자에 대한 시정조치에 관한 건,2020-04-006.pdf,2020-01-22
674,2020-04-007,개인정보보호 법규 위반사업자에 대한 시정조치에 관한 건,2020-04-007.pdf,2020-01-22
675,2020-04-008,개인정보보호 법규 위반사업자에 대한 시정조치에 관한 건,2020-04-008.pdf,2020-01-22
676,2020-04-009,개인정보보호 법규 위반사업자에 대한 시정조치에 관한 건,2020-04-009.pdf,2020-01-22
677,2020-04-010,개인정보보호 법규 위반사업자에 대한 시정조치에 관한 건,2020-04-010.pdf,2020-01-22
678,2020-04-011,개인정보보호 법규 위반사업자에 대한 시정조치에 관한 건,2020-04-011.pdf,2020-01-22
679,2020-04-012,개인정보보호 법규 위반사업자에 대한 시정조치에 관한 건,2020-04-012.pdf,2020-01-22
680,2020-04-013,개인정보보호 법규 위반사업자에 대한 시정조치에 관한 건,2020-04-013.pdf,2020-01-22
681,2020-04-014,개인정보보호 법규 위반사업자에 대한 시정조치에 관한 건,2020-04-014.pdf,2020-01-22
682,2020-04-015,개인정보보호 법규 위반사업자에 대한 시정조치에 관한 건,2020-04-015.pdf,2020-01-22
683,2020-04-016,개인정보보호 법규 위반사업자에 대한 시정조치에 관한 건,2020-04-016.pdf,2020-01-22
684,2020-13-072,개인정보보호 법규 위반사업자에 대한 시정조치에 관한 건,2020-13-072.pdf,2020-03-11
685,2020-13-073,개인정보보호 법규 위반사업자에 대한 시정조치에 관한 건,2020-13-073.pdf,2020-03-11
686,2020-13-074,개인정보보호 법규 위반사업자에 대한 시정조치에 관한 건,2020-13-074.pdf,2020-03-11
687,2020-13-075,개인정보보호 법규 위반사업자에 대한 시정조치에 관한 건,2020-13-075.pdf,2020-03-11
688,2020-13-076,개인정보보호 법규 위반사업자에 대한 시정조치에 관한 건,2020-13-076.pdf,2020-03-11
689,2020-13-077,개인정보보호 법규 위반사업자에 대한 시정조치에 관한 건,2020-13-077.pdf,2020-03-11
690,2020-13-078,개인정보보호 법규 위반사업자에 대한 시정조치에 관한 건,2020-13-078.pdf,2020-03-11
691,2020-13-079,개인정보보호 법규 위반사업자에 대한 시정조치에 관한 건,2020-13-079.pdf,2020-03-11
692,2020-13-081,개인정보보호 법규 위반사업자에 대한 시정조치에 관한 건,2020-13-081.pdf,2020-03-11
693,2020-13-082,개인정보보호 법규 위반사업자에 대한 시정조치에 관한 건,2020-13-082.pdf,2020-03-11
694,2020-13-083,개인정보보호 법규 위반사업자에 대한 시정조치에 관한 건,2020-13-083.pdf,2020-03-11
695,2020-13-084,개인정보보호 법규 위반사업자에 대한 시정조치에 관한 건,2020-13-084.pdf,2020-03-11
696,2020-13-085,개인정보보호 법규 위반사업자에 대한 시정조치에 관한 건,2020-13-085.pdf,2020-03-11
